aX,aY,aZ,gX,gY,gZ
0.113,0.049,0.983,0.549,0.427,-0.244
0.113,0.039,0.975,-0.488,1.404,-1.648
0.11,0.032,0.949,-0.183,0.916,-1.648
0.098,0.025,0.956,1.16,-1.282,-2.014
0.107,0.023,0.983,-0.122,-3.723,-1.892
0.109,0.013,1.002,-0.488,-4.883,-1.709
0.115,0.014,1.009,0.061,-4.272,-1.099
0.116,0.014,1.01,2.258,-2.991,-1.221
0.12,0.009,1.011,3.174,-1.526,-1.404
0.109,0.014,1,2.563,-0.122,-0.122
0.11,0.03,0.994,1.831,-0.122,0.366
0.109,0.033,1.001,2.502,-1.587,-0.61
0.116,0.03,1.01,2.808,-1.892,-1.16
0.115,0.027,1.009,1.953,-0.549,-0.732
0.115,0.029,0.998,1.831,0.427,-0.366
0.109,0.037,0.993,2.197,0.366,-0.793
0.113,0.044,0.998,1.892,0.244,-0.916
0.112,0.049,0.99,2.502,1.038,-1.282
0.108,0.055,0.982,2.197,1.526,-1.526
0.134,0.043,0.991,1.526,1.648,-3.845
0.112,0.031,0.989,-0.427,-0.305,-2.747
0.103,0.019,0.986,-0.427,-0.854,-2.625
-0.756,0.071,2.57,21.484,41.931,-16.663
-1.032,-0.022,3.125,29.602,66.04,-18.127
-1.554,-0.415,4,37.659,158.325,-12.817
-2.376,-0.632,4,23.926,293.884,15.442
-2.878,-0.481,3.768,-1.953,463.013,60.913
-2.837,-0.383,2.909,-38.879,560.059,79.834
-2.358,-0.385,2.333,-69.214,589.233,81.421
-1.866,-0.234,0.942,-129.333,628.54,92.957
-1.641,0.058,-0.2,-170.532,606.14,96.741
-1.459,0.223,-0.765,-185.974,527.344,61.035
-1.292,0.395,-1.267,-180.786,460.693,27.344
-1.167,0.363,-1.49,-155.518,442.749,1.953
-0.891,-0.011,-1.862,-107.727,428.833,11.475
-0.34,-0.232,-2.585,-139.954,382.263,13.916
-0.209,-0.147,-2.894,-157.898,332.947,12.39
0.063,-0.367,-2.844,-94.788,199.402,-15.808
0.42,-0.475,-2.694,-71.838,173.096,-19.104
0.66,-0.532,-2.46,-45.959,114.258,-1.282
0.712,-0.268,-2.056,-27.588,49.194,18.25
0.655,0.054,-1.453,3.113,-2.38,20.386
0.603,0.254,-0.775,35.889,-27.222,12.878
0.624,0.291,-0.345,44.434,-23.437,4.211
0.687,0.346,-0.298,33.997,-2.136,7.568
0.762,0.389,-0.453,22.522,11.475,12.207
0.785,0.402,-0.584,15.015,7.507,5.981
0.772,0.408,-0.622,12.817,-3.845,-3.418
0.782,0.356,-0.602,16.724,-10.254,-9.033
0.777,0.325,-0.586,20.386,-11.047,-6.47
0.803,0.318,-0.581,22.949,-10.742,-1.16
0.809,0.309,-0.569,23.804,-12.39,0.549
0.809,0.333,-0.541,20.142,-20.142,2.93
0.791,0.389,-0.446,14.587,-29.297,2.625
0.793,0.408,-0.334,13.977,-33.02,0.793
0.791,0.418,-0.245,16.174,-27.954,0.244
0.834,0.401,-0.217,17.212,-16.663,-2.014
0.868,0.369,-0.207,10.864,-14.404,-0.854
0.851,0.389,-0.239,3.967,-11.169,0.977
0.842,0.397,-0.268,3.113,-6.714,2.625
0.847,0.417,-0.305,2.136,-3.784,1.831
0.851,0.408,-0.322,4.028,-2.563,0.305
0.84,0.401,-0.323,4.456,-3.296,0.061
0.831,0.411,-0.354,2.869,-2.563,-0.854
0.838,0.408,-0.371,4.15,-0.488,-1.16
0.856,0.388,-0.377,6.287,0.244,-1.709
0.844,0.372,-0.361,2.991,-2.502,-3.235
0.841,0.366,-0.361,-1.709,-3.174,-4.822
0.842,0.371,-0.375,-1.953,-1.648,-2.991
0.837,0.38,-0.372,0.305,-0.549,-0.549
0.835,0.401,-0.381,1.648,-2.686,-1.77
0.839,0.377,-0.355,4.883,-3.967,-3.296
0.844,0.371,-0.339,3.784,-5.31,-4.15
0.834,0.38,-0.333,-0.061,-5.981,-3.906
0.836,0.382,-0.324,0.793,-2.991,-2.502
0.849,0.375,-0.32,1.709,0.305,-1.16
0.853,0.367,-0.311,1.038,0.244,-1.648
0.858,0.377,-0.319,-0.244,0,-2.808
0.857,0.378,-0.32,-0.366,-0.244,-2.808
0.853,0.38,-0.319,0.061,0.549,-2.502
0.846,0.384,-0.317,-0.061,0.793,-2.563
0.843,0.38,-0.313,-0.854,1.221,-2.441
0.849,0.369,-0.311,-2.197,1.587,-2.441
0.856,0.354,-0.323,-5.31,2.502,-1.77
0.854,0.359,-0.35,-7.446,1.648,-1.465
0.841,0.369,-0.366,-6.104,1.221,-0.977
0.833,0.387,-0.389,-3.54,0.854,-1.343
0.837,0.374,-0.365,1.465,0.305,-2.38
0.831,0.364,-0.354,-0.183,-1.831,-2.93
0.832,0.366,-0.358,-1.038,-1.221,-2.441
0.848,0.36,-0.367,-0.244,-1.038,-1.953
0.85,0.356,-0.355,0.549,-2.747,-1.526
0.851,0.357,-0.349,0.183,-3.906,-2.563
0.858,0.358,-0.349,0.488,-3.784,-2.136
0.871,0.362,-0.346,0.671,-4.333,-1.648
0.875,0.365,-0.345,-1.221,-6.348,-3.174
0.868,0.355,-0.335,-0.305,-6.958,-3.479
0.87,0.35,-0.324,-0.488,-6.042,-2.93
0.872,0.347,-0.32,-1.709,-4.944,-1.892
0.869,0.352,-0.317,-2.38,-3.54,-1.343
0.871,0.358,-0.319,-4.517,-3.601,-1.343
0.87,0.365,-0.318,-5.432,-4.272,-1.587
0.869,0.366,-0.319,-5.371,-4.272,-2.075
0.867,0.366,-0.319,-4.761,-3.784,-2.441
0.868,0.362,-0.318,-1.404,-1.892,-2.258
0.869,0.349,-0.305,-0.061,-0.732,-2.014
0.878,0.333,-0.304,-1.892,-0.427,-2.319
0.876,0.323,-0.304,-3.906,-0.732,-1.343
0.871,0.333,-0.315,-5.493,-0.366,-0.488
0.865,0.353,-0.324,-4.456,0.183,0.427
0.87,0.349,-0.321,-3.174,0,-0.427
0.866,0.357,-0.327,-4.028,-0.549,-1.038
0.863,0.369,-0.337,-1.465,0.671,-0.427
0.861,0.365,-0.325,1.343,1.343,-1.038
0.871,0.351,-0.32,-0.122,0.977,-2.014
0.874,0.353,-0.328,-1.404,0.427,-2.747
0.871,0.353,-0.325,0.061,0.793,-2.197
0.875,0.343,-0.329,-0.488,1.465,-2.319
0.874,0.345,-0.345,-0.061,1.587,-1.465
0.875,0.339,-0.341,1.282,1.099,-1.587
0.871,0.335,-0.343,0.183,0.122,-1.587
0.875,0.334,-0.348,-1.099,-1.526,-1.77
0.869,0.337,-0.342,-2.075,-2.686,-1.343
0.867,0.336,-0.341,-2.075,-2.808,-0.977
0.87,0.332,-0.336,-1.343,-2.319,-0.305
0.868,0.336,-0.338,-1.221,-2.93,0.122
0.865,0.346,-0.335,-0.61,-3.113,0
0.865,0.353,-0.332,0.854,-2.869,0.122
0.871,0.354,-0.329,1.465,-3.296,-0.977
0.874,0.349,-0.321,1.465,-3.662,-1.587
0.866,0.347,-0.316,1.953,-3.784,-1.892
0.874,0.338,-0.319,1.77,-3.845,-2.38
0.873,0.333,-0.314,-0.061,-4.456,-2.686
0.881,0.329,-0.322,-1.465,-3.784,-1.648
0.878,0.335,-0.321,-0.854,-3.906,-0.366
0.873,0.338,-0.315,-0.122,-4.272,-0.244
0.875,0.34,-0.313,0.916,-3.784,-0.183
0.879,0.34,-0.312,1.709,-3.357,0.366
0.875,0.336,-0.31,1.282,-3.662,0.305
0.872,0.343,-0.311,0.061,-4.456,-0.488
0.88,0.348,-0.322,-0.305,-4.639,-0.793
-0.949,0.167,2.888,6.042,16.296,2.075
-1.771,0.148,4,-3.967,83.313,-7.019
-2.277,-0.161,4,6.531,250.671,-2.991
-2.439,-0.503,4,-32.959,459.717,15.991
-2.337,-0.495,3.906,-145.081,579.407,31.616
-1.916,-0.205,2.035,-179.077,612.915,36.804
-1.445,-0.09,0.686,-164.307,637.817,46.448
-1.126,-0.247,-0.033,-168.762,610.168,49.622
-1.09,-0.231,-0.616,-236.145,525.513,44.006
-1.124,0.052,-1.525,-268.86,464.783,29.48
-0.743,0.118,-2.012,-179.443,424.927,7.263
-0.589,0.008,-1.937,-110.84,350.525,-23.987
-0.345,-0.249,-1.801,-111.45,308.35,-38.086
-0.18,-0.324,-1.708,-112.305,249.023,-49.072
-0.015,-0.423,-1.686,-93.018,213.623,-39.551
0.273,-0.501,-1.676,-71.838,190.735,-29.907
0.423,-0.537,-1.664,-64.087,149.902,-9.033
0.431,-0.391,-1.661,-59.57,109.802,7.324
0.427,-0.218,-1.583,-43.64,78.247,17.395
0.434,-0.025,-1.393,-25.696,48.218,23.621
0.429,0.198,-1.179,-11.658,26.062,24.048
0.488,0.317,-0.93,2.686,13.123,18.494
0.563,0.35,-0.743,4.211,3.845,11.841
0.591,0.379,-0.675,-3.784,-2.563,7.08
0.646,0.359,-0.669,-6.653,-3.479,2.625
0.667,0.311,-0.666,-2.502,-2.075,-0.854
0.686,0.274,-0.682,0.244,-2.014,-2.747
0.677,0.273,-0.699,2.869,-0.977,-3.174
0.691,0.285,-0.693,5.615,-1.221,-3.174
0.694,0.287,-0.702,5.432,-0.488,-2.991
0.671,0.346,-0.728,3.784,-2.136,-2.502
0.664,0.363,-0.738,5.249,-2.686,-3.235
0.659,0.375,-0.725,10.254,-3.723,-4.211
0.68,0.369,-0.724,9.888,-5.31,-5.432
0.682,0.352,-0.69,9.094,-9.827,-7.935
0.679,0.344,-0.653,8.24,-11.902,-9.155
0.716,0.305,-0.631,5.127,-11.902,-9.888
0.727,0.282,-0.609,4.944,-11.292,-7.019
0.727,0.284,-0.605,4.211,-8.667,-4.883
0.743,0.286,-0.599,5.188,-5.371,-0.793
0.716,0.321,-0.601,3.479,-5.554,-0.183
0.703,0.354,-0.599,3.906,-4.028,-0.61
0.685,0.366,-0.602,3.784,-2.747,-2.319
0.695,0.352,-0.592,6.287,-0.427,-2.93
0.713,0.324,-0.6,4.944,-0.061,-3.296
0.723,0.309,-0.611,1.648,-2.38,-2.686
0.728,0.305,-0.62,-0.244,-5.066,-2.014
0.734,0.304,-0.621,-1.526,-8.179,-0.61
0.74,0.31,-0.624,-2.502,-10.437,-0.488
0.755,0.303,-0.64,-3.479,-14.832,-1.099
0.763,0.293,-0.643,-3.723,-20.508,0.854
0.666,0.342,-0.608,-2.747,-22.217,0
0.678,0.358,-0.613,3.174,-15.32,-4.089
0.715,0.333,-0.588,10.498,-11.536,-7.324
0.74,0.302,-0.561,9.521,-10.559,-8.057
0.761,0.29,-0.552,5.31,-10.559,-5.981
0.766,0.291,-0.553,3.052,-10.864,-4.761
0.771,0.288,-0.553,0.916,-11.292,-2.136
0.763,0.276,-0.528,0.977,-10.864,0.122
0.759,0.276,-0.523,-0.854,-7.935,1.892
0.748,0.293,-0.528,-0.427,-3.357,3.906
0.751,0.302,-0.542,2.014,0.183,4.883
0.766,0.329,-0.569,4.089,-15.381,4.7
0.749,0.333,-0.553,8.301,-2.197,3.967
0.702,0.453,-0.517,5.798,-1.709,1.831
0.747,0.311,-0.58,0.305,1.038,-1.648
0.746,0.336,-0.558,-1.099,3.845,0.427
0.743,0.338,-0.58,-2.258,5.249,0.122
0.753,0.309,-0.575,-0.244,3.052,-0.854
0.753,0.304,-0.578,-1.587,1.465,-0.366
0.752,0.312,-0.588,-1.221,-0.061,-0.549
0.752,0.309,-0.572,1.465,-0.854,-0.427
0.761,0.296,-0.567,1.465,-0.977,-0.488
0.751,0.283,-0.557,0.305,-0.61,1.404
0.755,0.301,-0.583,-0.244,-0.183,2.563
0.737,0.31,-0.566,0.793,-0.977,2.136
0.747,0.308,-0.577,0.061,0.061,1.343
0.749,0.316,-0.581,1.16,-0.305,1.038
0.749,0.325,-0.569,2.991,-2.136,-0.671
0.755,0.319,-0.546,4.089,-3.052,-1.587
0.755,0.32,-0.541,2.93,-3.357,-1.953
0.751,0.335,-0.548,1.404,-3.357,-1.221
0.742,0.351,-0.551,1.892,-2.991,-1.648
0.746,0.356,-0.547,3.296,-2.075,-2.38
0.769,0.345,-0.543,4.7,-1.831,-3.723
0.775,0.325,-0.528,4.211,-2.869,-4.272
0.773,0.319,-0.521,3.235,-3.113,-4.211
0.775,0.311,-0.524,0.61,-2.258,-2.747
0.777,0.312,-0.539,-0.488,-0.61,-1.038
0.777,0.314,-0.545,-1.343,-0.732,-0.732
0.776,0.316,-0.55,-1.648,-0.977,-0.854
0.766,0.315,-0.546,-0.854,-0.854,-0.122
0.774,0.305,-0.542,-1.465,-1.221,0.244
0.77,0.309,-0.542,-4.211,-2.747,1.282
0.752,0.339,-0.553,-5.371,-1.16,0.488
0.76,0.341,-0.558,1.343,0.61,0.183
0.76,0.334,-0.544,2.075,0,-0.183
0.755,0.341,-0.547,0,-0.671,-0.793
0.762,0.34,-0.546,0.427,-0.122,-1.587
0.766,0.33,-0.536,0.183,-0.427,-1.892
0.759,0.324,-0.536,-1.343,-0.916,-2.319
0.758,0.324,-0.537,-1.038,-0.183,-2.747
0.771,0.313,-0.542,-0.122,1.16,-2.869
0.771,0.31,-0.535,-0.549,0.183,-2.319
0.768,0.304,-0.532,-1.709,0,-2.136
0.771,0.295,-0.536,-2.869,0.549,-1.648
0.772,0.296,-0.548,-4.517,0.244,-1.038
0.769,0.299,-0.563,-4.761,-0.183,-0.488
0.772,0.297,-0.565,-2.93,-0.183,0.183
0.766,0.299,-0.566,-2.258,-0.977,0.549
0.761,0.308,-0.551,-1.038,-1.465,0.854
0.759,0.318,-0.543,-0.366,-1.038,0.793
0.764,0.327,-0.539,0.732,-0.61,0.793
0.768,0.331,-0.537,0.671,-0.916,0.305
0.767,0.33,-0.532,0.366,-1.221,-0.916
0.769,0.321,-0.524,0.183,-1.587,-0.916
0.771,0.313,-0.521,-1.038,-1.099,-0.854
0.773,0.309,-0.524,-2.441,0.122,-0.671
0.782,0.296,-0.528,-2.991,0.061,-0.183
-0.794,0.065,3.112,-40.527,-12.329,-0.122
-1.781,0.129,4,-84.045,40.71,-8.85
-2.17,0.091,4,-97.168,255.737,-4.028
-1.96,-0.249,4,-32.776,498.23,20.447
-1.838,-0.34,3.298,-59.631,624.817,63.232
-1.627,-0.288,1.736,-132.996,657.776,73.242
-1.358,-0.324,0.341,-191.101,650.269,81.177
-1.311,-0.294,-0.635,-239.746,585.449,92.224
-1.291,-0.066,-1.158,-259.949,537.842,87.769
-1.067,0.167,-2.098,-238.342,449.219,56.824
-0.739,0.075,-2.215,-154.846,357.3,1.709
-0.459,-0.137,-2.038,-109.009,278.625,-34.607
-0.255,-0.289,-1.878,-89.844,225.403,-42.236
-0.025,-0.323,-1.873,-77.148,195.374,-28.381
0.076,-0.296,-1.89,-70.801,181.824,-16.846
0.266,-0.235,-1.839,-47.485,122.375,5.249
0.344,-0.131,-1.727,-40.771,67.871,14.771
0.386,0.083,-1.347,-15.137,45.105,21.912
0.424,0.248,-1.092,-6.287,22.644,24.475
0.458,0.411,-0.896,0.549,9.277,23.132
0.506,0.505,-0.697,11.963,1.465,15.747
0.578,0.487,-0.517,15.564,-2.808,5.066
0.632,0.476,-0.438,9.888,-2.93,0.366
0.651,0.481,-0.419,3.54,-1.099,1.099
0.662,0.486,-0.452,0.183,2.258,-0.854
0.679,0.476,-0.498,1.343,5.066,-3.906
0.699,0.428,-0.509,3.174,6.897,-7.568
0.725,0.377,-0.516,-1.404,5.92,-8.057
0.701,0.404,-0.543,-9.521,4.822,-4.456
0.678,0.445,-0.566,-9.216,7.69,-3.418
0.66,0.46,-0.55,-4.272,10.864,-3.723
0.654,0.474,-0.555,-3.052,13.062,-3.723
0.66,0.471,-0.568,-0.977,16.846,-4.7
0.681,0.431,-0.596,-6.287,15.503,-5.371
0.677,0.414,-0.616,-10.62,11.902,-4.578
0.667,0.418,-0.646,-12.634,9.277,-4.211
0.646,0.421,-0.666,-9.888,8.24,-4.211
0.635,0.426,-0.667,-5.798,8.667,-5.066
0.643,0.425,-0.677,-1.221,10.498,-5.859
0.653,0.411,-0.671,2.075,10.071,-6.165
0.646,0.412,-0.676,0.366,6.958,-7.385
0.644,0.393,-0.671,1.343,5.249,-8.24
0.652,0.375,-0.654,1.526,4.333,-6.592
0.652,0.373,-0.661,-0.061,4.028,-4.761
0.659,0.378,-0.658,0.854,3.784,-3.662
0.661,0.375,-0.646,1.709,1.77,-3.418
0.661,0.37,-0.633,1.343,-0.244,-2.686
0.658,0.384,-0.631,-0.671,-1.404,-1.343
0.653,0.407,-0.647,-1.038,-1.282,-0.305
0.654,0.403,-0.644,3.052,-2.258,-1.892
0.65,0.399,-0.633,2.808,-3.845,-2.502
0.644,0.411,-0.63,2.38,-3.601,-2.563
0.643,0.423,-0.629,4.944,-1.648,-2.625
0.655,0.415,-0.628,8.789,0.488,-4.395
0.672,0.392,-0.608,10.071,1.16,-4.822
0.677,0.387,-0.601,6.653,-0.122,-4.517
0.677,0.383,-0.603,4.15,-0.916,-3.967
0.677,0.395,-0.608,1.648,-2.075,-2.014
0.672,0.4,-0.61,0.854,-3.174,-1.831
0.673,0.402,-0.606,1.16,-3.662,-1.465
0.679,0.396,-0.599,-0.305,-4.517,-0.977
0.679,0.394,-0.59,-3.418,-6.592,0
0.68,0.401,-0.589,-4.7,-5.92,0.732
0.684,0.398,-0.59,-4.517,-4.944,0.977
0.682,0.41,-0.589,-2.197,-2.197,1.526
0.689,0.404,-0.588,-1.343,-1.221,1.709
0.684,0.406,-0.586,-1.587,-0.977,2.258
0.686,0.408,-0.6,-2.502,-0.854,2.441
0.677,0.424,-0.613,-2.747,-1.099,2.014
0.678,0.417,-0.607,1.16,-0.427,-0.671
0.686,0.397,-0.588,1.16,-0.183,-1.77
0.686,0.396,-0.59,-1.038,-0.305,-1.709
0.68,0.401,-0.603,-2.136,0,-1.526
0.68,0.401,-0.604,-0.305,0.854,-1.465
0.683,0.387,-0.603,0.854,1.282,-2.197
0.685,0.39,-0.602,-0.061,0.732,-1.77
0.675,0.398,-0.606,-1.16,0.488,-1.343
0.68,0.389,-0.614,-0.793,0.305,-0.854
0.668,0.402,-0.606,-0.732,-0.366,-0.488
0.678,0.397,-0.62,0,-0.793,-2.197
0.691,0.381,-0.608,1.587,-1.404,-1.526
0.672,0.391,-0.589,-1.465,-4.211,-0.549
0.685,0.394,-0.595,-0.366,-2.686,-0.977
0.688,0.393,-0.586,0.61,-2.625,0.183
0.674,0.408,-0.579,-0.183,-3.235,0.488
0.678,0.422,-0.576,2.502,-0.916,-1.16
0.705,0.404,-0.569,1.648,-0.61,-1.343
0.703,0.405,-0.581,-1.343,-1.343,-1.16
0.692,0.413,-0.581,-1.465,-1.648,-0.732
0.697,0.411,-0.578,0.549,-0.244,-1.648
0.702,0.401,-0.577,0.366,0.244,-1.831
0.692,0.403,-0.581,-1.465,0.122,-1.465
0.688,0.401,-0.589,-1.343,0.977,-1.343
0.678,0.412,-0.598,-0.793,1.587,-0.366
0.68,0.413,-0.616,0.977,2.563,-1.343
0.686,0.419,-0.611,2.747,2.136,-2.319
0.682,0.4,-0.605,2.502,0.916,-3.113
0.687,0.39,-0.594,2.258,0.366,-3.174
0.701,0.365,-0.583,1.465,-0.061,-3.296
0.705,0.358,-0.572,-1.221,-1.221,-1.77
0.698,0.373,-0.58,-3.784,-1.831,0.061
0.697,0.39,-0.585,-2.38,-1.099,0.732
0.702,0.387,-0.583,-0.305,-0.793,-0.061
0.703,0.38,-0.572,0.793,-0.671,0
0.7,0.381,-0.566,-1.16,-0.549,0.427
0.697,0.393,-0.578,-3.357,-0.427,1.526
0.687,0.411,-0.592,-3.418,0.122,1.77
0.68,0.419,-0.599,-0.549,0.977,0.244
0.69,0.406,-0.594,2.075,1.953,-1.343
0.696,0.388,-0.593,1.526,1.16,-1.282
0.695,0.384,-0.598,-0.732,-0.549,-0.793
0.685,0.396,-0.595,-0.183,-0.488,-0.854
0.691,0.392,-0.596,0.549,0.244,-1.282
0.695,0.388,-0.593,0.854,-0.366,-1.465
0.694,0.384,-0.592,0.61,-0.488,-1.16
0.682,0.396,-0.596,0.366,-0.671,-0.61
0.718,0.398,-0.598,2.38,-0.61,-1.343
0.699,0.391,-0.588,2.93,-0.854,-1.892
0.706,0.387,-0.588,2.136,-1.404,-1.831
-0.986,0.407,3.125,-34.668,53.711,21.484
-1.878,0.535,4,-48.706,137.573,17.395
-2.169,0.408,4,-43.396,212.402,1.404
-2.212,0.111,4,-34.424,315.613,-18.616
-2.151,-0.271,4,-82.703,542.236,-18.433
-2.075,0.003,2.812,-170.227,656.921,14.587
-1.664,0.131,1.068,-185.547,679.749,10.01
-1.312,-0.148,0.176,-182.922,643.372,-3.601
-1.229,-0.255,-0.492,-240.417,554.871,-5.066
-1.231,-0.188,-0.845,-268.005,468.018,-10.925
-1.308,0.041,-1.294,-195.801,414.795,-38.818
-1.026,-0.416,-1.034,-140.137,370.117,-73.975
-0.806,-0.564,-1.193,-165.833,321.35,-75.012
-0.74,-0.566,-1.334,-152.039,294.495,-70.19
-0.486,-0.688,-1.419,-110.657,283.813,-64.209
-0.214,-0.782,-1.547,-87.036,262.573,-49.927
-0.089,-0.794,-1.639,-71.777,237.854,-28.076
-0.035,-0.72,-1.766,-66.101,209.045,-6.836
-0.056,-0.51,-1.94,-52.551,185.12,11.719
-0.017,-0.325,-1.964,-19.653,163.33,24.475
0.046,-0.066,-1.869,-2.319,123.718,30.09
0.077,0.176,-1.613,4.761,74.341,20.264
0.126,0.236,-1.266,12.024,33.264,-1.465
0.204,0.201,-0.963,13.611,10.254,-14.648
0.256,0.147,-0.792,9.827,5.127,-16.663
0.303,0.115,-0.8,3.967,11.597,-10.437
0.328,0.109,-0.851,2.014,15.869,-4.028
0.314,0.129,-0.886,-0.61,12.878,-3.54
0.321,0.127,-0.951,0.854,11.475,-4.333
0.316,0.086,-0.965,5.432,3.723,-3.845
0.325,0.114,-0.974,2.075,-7.324,-4.333
0.317,0.191,-0.94,2.014,-12.268,-4.089
0.331,0.212,-0.924,3.357,-13.855,-4.333
0.349,0.221,-0.883,6.714,-13.794,-6.897
0.38,0.212,-0.886,7.446,-10.681,-9.399
0.398,0.212,-0.902,8.606,-8.545,-9.827
0.409,0.195,-0.903,10.01,-6.165,-10.803
0.421,0.177,-0.908,7.874,-5.615,-9.949
0.42,0.169,-0.916,3.845,-7.446,-10.315
0.418,0.172,-0.924,0.61,-7.935,-8.545
0.418,0.18,-0.911,0.854,-7.935,-8.24
0.41,0.195,-0.898,0.305,-8.728,-8.057
0.4,0.207,-0.894,2.808,-5.798,-7.812
0.414,0.192,-0.894,5.371,-3.174,-7.69
0.412,0.181,-0.896,3.174,-3.967,-5.005
0.409,0.192,-0.895,1.892,-3.784,-4.395
0.405,0.185,-0.89,2.625,-2.319,-3.723
0.4,0.191,-0.893,2.258,-1.099,-3.662
0.409,0.187,-0.891,3.845,-1.282,-4.15
0.424,0.16,-0.87,2.625,-2.93,-3.479
0.426,0.15,-0.876,0.916,-4.517,-3.174
0.415,0.158,-0.893,-2.319,-4.883,-2.319
0.423,0.165,-0.892,-0.427,-3.906,-0.793
0.407,0.172,-0.897,1.099,-2.869,0.366
0.412,0.183,-0.907,3.662,-0.793,0.488
0.411,0.2,-0.896,6.287,-1.343,0.122
0.413,0.206,-0.891,8.301,-2.075,-1.892
0.429,0.201,-0.858,9.583,-2.075,-1.892
0.438,0.2,-0.841,4.822,-3.906,-2.136
0.433,0.206,-0.845,0.427,-4.944,-2.441
0.436,0.204,-0.85,0.183,-4.211,-2.258
0.438,0.189,-0.856,0.61,-2.869,-2.075
0.433,0.194,-0.879,-0.244,-1.648,-0.916
0.43,0.201,-0.888,0.793,-1.221,-1.038
0.44,0.19,-0.881,1.526,-1.16,-1.282
0.436,0.194,-0.882,-0.366,-2.258,-0.732
0.433,0.211,-0.885,-0.671,-1.892,-0.183
0.44,0.208,-0.878,1.343,-1.282,-0.793
0.448,0.192,-0.863,1.587,-1.404,-0.854
0.445,0.192,-0.867,-0.549,-1.404,-0.488
0.432,0.204,-0.873,0.244,-0.122,0
0.448,0.195,-0.875,1.16,0.732,-1.282
0.445,0.187,-0.871,0.061,-0.061,-1.221
0.437,0.187,-0.872,-0.488,0.061,-0.977
0.443,0.185,-0.886,-0.488,0.671,-0.183
0.44,0.189,-0.885,0.488,0.061,-0.488
0.436,0.194,-0.887,1.038,-0.183,-1.16
0.444,0.188,-0.88,2.38,0.183,-0.916
0.443,0.187,-0.869,1.465,-0.549,-0.732
0.439,0.196,-0.872,-0.793,-1.282,-0.427
0.432,0.21,-0.881,-0.061,-0.488,-0.61
0.431,0.219,-0.872,2.38,0,-1.526
0.453,0.191,-0.866,3.296,0.061,-3.357
0.454,0.179,-0.859,1.099,-1.343,-3.174
0.449,0.186,-0.868,0,-0.793,-0.793
0.445,0.202,-0.882,1.343,0.488,-1.404
0.458,0.197,-0.878,3.54,0.122,-1.282
0.454,0.197,-0.858,2.808,-1.221,-1.648
0.444,0.205,-0.852,0.793,-2.136,-1.77
0.462,0.198,-0.863,0.916,-0.183,-0.854
0.464,0.196,-0.87,0.183,-0.366,-0.549
0.459,0.2,-0.881,-1.221,-1.648,0.061
0.449,0.205,-0.872,-0.183,-1.831,-0.305
0.459,0.193,-0.871,0.366,-0.61,-0.305
0.456,0.197,-0.868,-0.183,-0.854,0.916
0.443,0.207,-0.874,1.16,-0.488,-0.061
0.46,0.19,-0.872,2.197,-0.183,0.427
0.451,0.198,-0.867,0,-1.099,0.671
0.46,0.202,-0.874,0.244,-0.671,-0.183
0.459,0.201,-0.863,0.732,-0.671,0
0.451,0.215,-0.865,-0.183,-0.549,0.488
0.453,0.213,-0.868,0.366,-0.305,-0.854
0.464,0.199,-0.869,0.793,-0.793,-1.892
0.464,0.183,-0.861,0.732,-1.465,-1.953
0.454,0.175,-0.857,0.488,-1.343,-0.244
0.448,0.193,-0.868,-0.671,-0.854,0.305
0.448,0.206,-0.887,0,-0.671,-0.122
0.451,0.203,-0.873,2.441,-0.549,-0.305
0.458,0.198,-0.873,1.831,-1.038,-0.854
0.457,0.208,-0.869,1.404,-1.831,-0.549
0.462,0.197,-0.86,1.77,-2.38,-0.977
0.457,0.194,-0.86,0.366,-2.991,-1.16
0.461,0.196,-0.868,0.793,-2.747,-0.732
0.462,0.196,-0.865,1.343,-2.319,-1.16
0.47,0.198,-0.866,1.77,-2.686,-0.854
0.469,0.195,-0.858,1.526,-3.296,-1.099
0.464,0.206,-0.864,0.305,-3.906,-0.305
0.459,0.206,-0.865,1.648,-3.662,-0.732
0.474,0.201,-0.864,2.197,-3.479,-0.977
-0.873,0.576,2.966,-56.213,110.474,35.278
-1.456,0.905,3.973,-80.505,189.453,42.48
-2.338,1.328,4,-81.787,255.798,16.113
-1.816,0.789,4,-81.36,463.074,-61.829
-1.086,0.279,3.541,-100.891,645.63,-68.665
-1.009,0.071,1.899,-108.032,717.346,-18.494
-0.901,-0.108,1.322,-109.863,720.276,-2.93
-0.882,-0.468,0.526,-163.574,656.128,27.1
-1.038,-0.632,-0.236,-266.296,549.377,38.94
-1.415,-0.254,-1.171,-315.918,454.59,50.049
-1.441,-0.055,-1.438,-255.005,384.399,1.343
-1.097,-0.385,-1.268,-175.415,333.679,-59.692
-0.776,-0.649,-1.158,-141.846,297.18,-72.876
-0.599,-0.711,-1.205,-132.69,272.827,-60.059
-0.459,-0.655,-1.347,-114.258,254.333,-41.138
-0.339,-0.55,-1.512,-86.487,233.765,-26.978
-0.233,-0.458,-1.624,-53.162,205.444,-21.79
-0.17,-0.289,-1.602,-20.081,156.128,-13.062
-0.147,-0.154,-1.508,-8.24,125.916,-5.371
-0.089,-0.013,-1.425,-6.226,99.426,3.967
-0.04,0.124,-1.346,-7.751,70.435,9.277
-0.015,0.195,-1.248,-3.662,46.631,4.456
0.077,0.152,-1.15,2.93,30.518,-3.296
0.137,0.121,-1.093,-0.183,12.695,-4.395
0.179,0.125,-1.062,-0.854,-4.028,0.671
0.19,0.191,-0.986,2.625,-8.789,1.587
0.262,0.188,-0.943,6.958,-11.536,1.038
0.251,0.207,-0.912,6.897,-14.832,2.075
0.198,0.278,-0.903,1.648,-19.47,0.366
0.264,0.299,-0.923,4.883,-16.357,-4.211
0.281,0.325,-0.891,7.874,-19.226,-5.859
0.309,0.324,-0.879,6.592,-19.348,-8.179
0.336,0.292,-0.873,3.906,-20.813,-11.353
0.347,0.274,-0.89,2.014,-20.752,-11.658
0.379,0.246,-0.892,2.38,-17.822,-12.329
0.378,0.252,-0.894,1.038,-15.32,-9.827
0.378,0.233,-0.906,4.333,-10.193,-9.094
0.392,0.228,-0.895,3.418,-7.568,-5.127
0.37,0.246,-0.901,1.099,-7.08,-3.906
0.386,0.258,-0.936,0.854,-3.235,-3.662
0.389,0.255,-0.917,1.953,-3.784,-2.747
0.362,0.271,-0.906,0.122,-6.409,-3.174
0.372,0.256,-0.894,1.404,-5.493,-3.052
0.358,0.268,-0.889,-0.427,-6.592,-1.953
0.368,0.263,-0.899,0.793,-5.676,-2.869
0.397,0.221,-0.884,3.54,-5.859,-2.93
0.377,0.225,-0.872,1.77,-7.324,-0.244
0.367,0.247,-0.877,3.296,-5.371,0
0.365,0.266,-0.883,9.338,-1.038,-0.61
0.379,0.236,-0.859,13.855,1.282,-2.747
0.414,0.222,-0.842,6.409,-2.441,-2.014
0.385,0.253,-0.852,-1.221,-6.348,0.183
0.361,0.292,-0.868,-2.808,-5.249,1.465
0.359,0.309,-0.887,0.366,-2.38,-0.244
0.367,0.308,-0.889,3.296,-1.831,-3.113
0.386,0.283,-0.887,4.028,-3.54,-4.883
0.387,0.26,-0.869,3.113,-5.981,-5.493
0.376,0.267,-0.87,0.793,-6.653,-4.944
0.386,0.266,-0.887,1.587,-5.554,-5.188
0.42,0.238,-0.875,2.747,-4.883,-4.944
0.402,0.26,-0.885,-1.16,-7.385,-3.296
0.395,0.274,-0.898,0.549,-6.348,-3.723
0.43,0.258,-0.874,3.174,-5.188,-3.662
0.416,0.283,-0.869,0.183,-7.324,-2.625
0.419,0.288,-0.872,0,-7.385,-2.869
0.425,0.276,-0.852,2.258,-6.714,-3.662
0.422,0.275,-0.844,1.709,-6.226,-3.418
0.422,0.273,-0.845,0.427,-5.127,-3.113
0.434,0.262,-0.846,0.244,-2.747,-2.93
0.423,0.272,-0.858,-0.671,-1.892,-1.648
0.422,0.276,-0.876,1.465,-0.183,-2.319
0.443,0.251,-0.863,2.869,-0.305,-2.625
0.427,0.253,-0.859,-1.343,-2.563,-2.014
0.412,0.27,-0.862,-1.404,-2.014,-1.16
0.427,0.249,-0.849,1.343,-0.488,-1.831
0.424,0.249,-0.859,-0.732,-0.61,-1.404
0.405,0.276,-0.863,-0.793,-0.183,-0.488
0.421,0.271,-0.872,0.916,0.244,-1.221
0.435,0.246,-0.865,1.099,-0.732,-1.465
0.416,0.274,-0.859,-2.197,-2.991,-0.427
0.418,0.288,-0.866,0.366,-2.502,-2.869
0.44,0.258,-0.847,0.671,-2.258,-2.502
0.435,0.25,-0.851,-2.625,-3.235,-2.197
0.443,0.242,-0.847,-5.432,-4.028,-1.404
0.432,0.266,-0.874,-7.629,-4.272,-0.61
0.42,0.28,-0.879,-1.892,-2.014,-0.977
0.445,0.259,-0.867,3.662,-0.671,-2.075
0.449,0.257,-0.87,2.258,-2.808,-2.747
0.435,0.251,-0.854,2.38,-3.113,-2.38
0.453,0.239,-0.851,1.892,-1.831,-1.709
0.453,0.242,-0.841,-0.183,-2.258,0
0.446,0.269,-0.85,-1.16,-2.686,0
0.448,0.27,-0.845,2.441,-1.038,-1.709
0.458,0.247,-0.825,3.113,-0.366,-2.075
0.451,0.248,-0.828,-0.671,-0.549,-0.427
0.442,0.263,-0.845,-2.075,0.244,0.977
0.43,0.279,-0.872,-1.221,0.977,0.244
0.444,0.257,-0.876,1.709,1.343,-1.282
0.442,0.249,-0.871,0.793,-0.549,-0.916
0.442,0.254,-0.866,0,-1.587,-1.16
0.449,0.253,-0.86,0.244,-1.831,-0.793
0.435,0.264,-0.856,0.244,-1.831,-0.488
0.448,0.259,-0.854,1.465,-0.366,-1.221
0.455,0.252,-0.847,0.366,-1.16,-1.465
0.449,0.256,-0.851,-1.709,-1.831,-1.465
0.446,0.251,-0.848,-0.427,-1.16,-1.892
0.45,0.247,-0.857,0.305,-0.183,-1.77
0.455,0.241,-0.861,0.793,-0.61,-1.221
0.446,0.252,-0.865,0.427,-0.977,-1.221
0.448,0.261,-0.868,0.61,-0.916,-1.404
0.45,0.267,-0.865,1.282,-1.77,-1.526
0.446,0.265,-0.853,2.136,-2.502,-2.258
0.459,0.252,-0.84,1.587,-2.93,-3.052
0.458,0.257,-0.836,0.549,-2.625,-1.892
0.463,0.258,-0.839,0.671,-1.77,-1.648
0.463,0.257,-0.838,0.916,-1.343,-1.282
0.463,0.252,-0.839,0.793,-0.916,-1.587
0.464,0.25,-0.847,0.122,-0.61,-1.099
0.454,0.256,-0.853,0.793,-0.244,-0.671
-0.449,0.425,2.254,-13.123,52.673,17.334
-1.004,0.64,3.043,-3.113,122.131,37.72
-1.477,0.616,3.953,25.879,227.966,32.837
-1.26,0.178,4,1.709,375.427,2.258
-1.145,-0.044,3.376,-78.369,505.127,-4.883
-0.97,-0.053,2.108,-139.343,575.562,-3.601
-0.721,-0.065,1.392,-156.738,586.975,-0.122
-0.463,-0.094,0.721,-165.1,551.453,12.146
-0.339,0.04,-0.259,-171.936,508.484,19.043
-0.325,0.212,-0.706,-164.49,417.603,9.277
-0.256,0.196,-0.807,-151.001,377.502,-8.484
-0.207,0.152,-0.699,-113.953,270.813,-28.198
-0.145,0.108,-0.655,-102.417,252.197,-44.434
0.033,-0.015,-0.595,-76.721,234.985,-44.739
0.134,-0.045,-0.527,-68.542,217.651,-34.607
0.186,0.007,-0.579,-71.655,198.792,-25.696
0.214,0.065,-0.62,-61.89,189.392,-17.822
0.239,0.115,-0.611,-48.889,180.603,-12.024
0.238,0.154,-0.607,-46.326,168.274,-7.507
0.263,0.235,-0.628,-46.936,158.02,-7.141
0.254,0.241,-0.638,-46.143,156.921,-6.592
0.263,0.253,-0.678,-45.105,157.837,-5.493
0.304,0.203,-0.696,-46.143,153.076,-5.127
0.324,0.174,-0.721,-52.246,147.949,-4.517
0.294,0.192,-0.839,-67.688,135.62,-1.465
0.244,0.255,-0.995,-64.575,128.296,-5.249
0.3,0.196,-1.057,-39.063,119.69,-10.986
0.36,0.105,-1.068,-35.95,106.079,-11.23
0.341,0.116,-1.107,-36.133,93.689,-9.399
0.338,0.118,-1.116,-27.71,87.769,-7.385
0.355,0.14,-1.131,-18.494,83.069,-5.005
0.365,0.123,-1.114,-13.367,74.524,-4.7
0.369,0.14,-1.116,-14.343,64.026,-3.357
0.327,0.191,-1.113,-10.62,56.58,-0.732
0.333,0.209,-1.1,-3.54,51.27,-1.648
0.36,0.193,-1.077,-1.343,41.382,-4.333
0.367,0.18,-1.065,-2.38,35.645,-4.761
0.373,0.18,-1.026,-4.211,21.545,-2.93
0.346,0.225,-1.004,-5.798,15.869,-1.648
0.357,0.224,-0.994,-3.723,14.893,-2.075
0.378,0.214,-0.964,-1.16,9.094,-1.77
0.368,0.217,-0.918,-3.845,5.493,-1.404
0.36,0.24,-0.925,-5.493,4.211,0
0.372,0.25,-0.932,-3.601,3.235,-0.244
0.36,0.26,-0.933,-0.732,1.831,-2.319
0.361,0.251,-0.929,2.441,1.404,-4.089
0.379,0.224,-0.922,1.77,-1.343,-4.639
0.39,0.226,-0.894,-0.061,-4.517,-4.028
0.406,0.207,-0.86,-1.465,-5.615,-3.54
0.407,0.224,-0.862,-4.333,-5.371,-1.16
0.393,0.248,-0.871,-2.686,-3.113,0.244
0.39,0.246,-0.873,-0.732,-1.892,-0.305
0.394,0.228,-0.885,2.747,0.366,-1.343
0.397,0.219,-0.915,2.441,-0.549,-0.671
0.392,0.222,-0.936,0.977,-1.77,-0.305
0.379,0.243,-0.932,1.16,-3.662,-0.244
0.396,0.261,-0.896,3.296,-4.7,-1.404
0.411,0.259,-0.856,2.441,-6.531,-2.991
0.395,0.263,-0.837,1.282,-6.409,-3.54
0.419,0.234,-0.841,1.343,-2.38,-4.639
0.432,0.216,-0.861,-0.122,-1.282,-3.174
0.422,0.214,-0.88,-0.793,-1.099,-1.77
0.419,0.211,-0.895,-0.305,-1.221,-0.671
0.403,0.229,-0.902,0,-1.709,0.122
0.414,0.235,-0.884,1.343,-2.136,0.366
0.408,0.261,-0.871,-0.183,-3.601,0
0.409,0.25,-0.859,1.465,-2.686,-0.549
0.432,0.231,-0.853,-0.183,-2.136,0.122
0.431,0.227,-0.863,-3.357,-2.258,1.465
0.42,0.235,-0.867,-3.723,-2.136,2.075
0.423,0.232,-0.883,-2.197,-0.61,1.709
0.431,0.22,-0.887,-1.892,-0.61,1.465
0.409,0.24,-0.892,-2.014,-0.793,2.502
0.412,0.235,-0.891,0.366,-0.671,0.488
0.43,0.22,-0.892,-0.366,-1.465,0.732
0.42,0.233,-0.886,-1.099,-2.563,1.404
0.402,0.26,-0.885,0.549,-2.747,0.427
0.437,0.24,-0.861,4.272,-1.16,-1.099
0.42,0.25,-0.848,1.465,-2.563,-0.793
0.42,0.256,-0.86,0.793,-1.648,-1.526
0.433,0.236,-0.856,1.343,-1.465,-1.831
0.422,0.232,-0.874,0.61,-0.427,-1.831
0.441,0.215,-0.87,1.099,0.122,-1.892
0.432,0.227,-0.873,-0.732,-1.526,-0.732
0.42,0.233,-0.865,-0.122,-1.526,-1.099
0.432,0.234,-0.867,0.488,-0.61,-1.526
0.43,0.236,-0.866,1.099,-0.366,-0.793
0.435,0.245,-0.871,0.671,-0.61,-0.854
0.429,0.247,-0.871,1.038,-0.549,-1.16
0.442,0.234,-0.87,1.16,-0.793,-2.014
0.435,0.225,-0.869,0.793,-1.831,-1.77
0.437,0.224,-0.868,0.732,-1.343,-1.038
0.439,0.224,-0.87,0.061,-1.892,-0.854
0.434,0.236,-0.872,0.488,-1.892,0.122
0.433,0.244,-0.863,1.953,-1.038,-0.366
0.446,0.236,-0.858,0.488,-1.709,0.183
0.468,0.248,-0.865,-0.061,-1.831,0
0.443,0.238,-0.859,0.366,-1.587,-0.305
0.443,0.244,-0.871,0.305,-1.16,0.366
0.442,0.243,-0.869,1.343,-0.854,-0.732
0.443,0.233,-0.863,1.648,-0.793,-1.038
0.446,0.237,-0.858,0.427,-1.526,-0.793
0.445,0.243,-0.852,0.366,-1.16,-0.977
0.445,0.243,-0.85,1.221,-0.488,-0.977
0.446,0.239,-0.847,0.61,-0.427,-1.221
0.443,0.238,-0.858,0,0.122,-1.099
0.445,0.232,-0.865,-0.244,0.244,-1.038
0.443,0.228,-0.871,0,-0.183,0.061
0.434,0.241,-0.872,-0.183,-0.366,0.122
0.451,0.237,-0.872,0.854,-0.366,-0.488
0.443,0.238,-0.857,-0.366,-2.502,-0.061
0.444,0.245,-0.852,-0.427,-1.16,-0.427
0.447,0.24,-0.847,-0.122,-1.221,-0.366
0.456,0.229,-0.853,-0.732,-1.221,-0.366
0.446,0.231,-0.866,-0.305,-0.977,0.183
0.444,0.235,-0.871,1.221,-0.244,0.427
0.452,0.237,-0.869,1.648,-0.61,0.122
0.453,0.244,-0.864,0.732,-2.197,-0.61
0.454,0.247,-0.853,0.61,-1.953,-0.916
-0.61,0.481,2.808,-21.362,89.6,31.677
-1.445,0.927,4,-34.119,169.983,46.875
-1.799,1.053,4,-39.856,220.154,29.846
-1.742,0.757,4,-106.201,364.563,-45.105
-1.327,0.349,3.902,-172.241,537.72,-87.585
-0.947,0.019,2.064,-179.199,663.696,-66.772
-0.834,-0.468,0.857,-177.979,687.622,-19.836
-0.912,-0.499,-0.353,-253.54,600.647,23.804
-0.907,-0.186,-1.255,-277.222,480.103,33.264
-0.97,0.034,-1.243,-217.957,376.038,-2.38
-0.886,-0.108,-0.943,-164.734,299.622,-69.336
-0.578,-0.498,-0.812,-128.906,275.574,-94.055
-0.38,-0.699,-0.873,-116.821,273.743,-72.815
-0.272,-0.694,-1.125,-118.164,264.343,-39.307
-0.267,-0.504,-1.364,-108.521,244.934,-16.296
-0.15,-0.381,-1.488,-80.505,221.985,-13
-0.09,-0.334,-1.52,-50.903,195.374,-14.16
-0.017,-0.203,-1.458,-27.1,169.434,-16.602
-0.028,-0.132,-1.404,-17.395,149.048,-13.855
-0.015,-0.099,-1.416,-16.296,125.305,-7.446
0.011,0.018,-1.438,-7.812,112.427,-0.977
0.037,0.096,-1.396,-5.798,85.754,3.052
0.079,0.162,-1.349,-7.08,57.922,2.014
0.131,0.17,-1.267,-3.845,33.142,-3.235
0.155,0.163,-1.207,2.197,14.526,-5.615
0.212,0.139,-1.081,4.028,7.08,-6.775
0.247,0.174,-0.949,4.761,-4.517,-5.371
0.257,0.196,-0.901,3.845,-8.118,-5.005
0.272,0.22,-0.825,4.211,-11.902,-4.089
0.291,0.259,-0.786,1.587,-11.658,-3.418
0.309,0.288,-0.812,-1.465,-10.559,-4.272
0.28,0.319,-0.819,-0.854,-9.705,-3.479
0.309,0.302,-0.842,3.113,-4.272,-5.981
0.348,0.266,-0.882,4.761,-3.662,-7.446
0.368,0.244,-0.9,4.028,-6.042,-7.08
0.379,0.235,-0.906,0.732,-10.315,-6.775
0.362,0.26,-0.911,-1.404,-13.184,-5.554
0.36,0.28,-0.91,1.16,-11.475,-6.226
0.38,0.26,-0.898,5.615,-9.216,-7.019
0.391,0.253,-0.879,3.601,-9.399,-6.531
0.39,0.27,-0.9,-0.183,-9.216,-5.188
0.375,0.286,-0.902,-0.305,-6.775,-4.761
0.389,0.278,-0.916,1.282,-5.005,-5.005
0.39,0.271,-0.903,1.648,-5.92,-5.493
0.41,0.262,-0.9,0.793,-7.568,-5.92
0.398,0.241,-0.869,0.916,-9.46,-5.615
0.406,0.241,-0.855,-0.916,-8.362,-4.7
0.401,0.243,-0.867,-0.977,-6.531,-3.052
0.397,0.25,-0.867,1.282,-3.662,-1.648
0.431,0.22,-0.863,2.38,-4.089,-1.221
0.403,0.243,-0.85,-2.869,-6.531,0.61
0.417,0.246,-0.877,-5.493,-7.263,-1.099
0.406,0.25,-0.864,-3.601,-6.47,0.732
0.401,0.257,-0.887,-2.502,-4.944,-0.427
0.421,0.244,-0.881,1.953,-3.357,-0.916
0.434,0.222,-0.857,0.488,-5.127,-1.587
0.447,0.217,-0.849,-4.639,-7.996,-0.366
0.411,0.258,-0.852,-8.789,-9.033,2.075
0.412,0.288,-0.872,-4.333,-5.005,0.732
0.438,0.264,-0.854,2.319,-2.563,-1.892
0.459,0.227,-0.834,1.221,-3.784,-2.991
0.447,0.224,-0.842,-3.967,-3.601,-0.549
0.449,0.214,-0.849,-4.089,-2.625,2.014
0.446,0.227,-0.859,-6.348,-2.625,3.113
0.423,0.249,-0.879,-5.554,-1.892,3.418
0.418,0.256,-0.879,-1.77,0.305,1.953
0.429,0.262,-0.892,0.122,0.549,-0.427
0.437,0.238,-0.883,1.77,-0.61,-1.404
0.421,0.245,-0.863,0,-1.831,0
0.423,0.26,-0.887,-1.282,-1.038,-1.16
0.454,0.236,-0.877,1.709,0.122,-1.526
0.456,0.222,-0.863,-0.671,-2.502,-1.038
0.42,0.243,-0.851,-2.747,-2.991,-1.343
0.45,0.237,-0.867,-0.183,-0.549,-2.258
0.458,0.191,-0.846,0.916,-0.671,-1.648
0.448,0.217,-0.849,-0.732,-0.977,-1.038
0.432,0.239,-0.859,-1.953,-0.244,-0.549
0.443,0.234,-0.872,0.854,2.197,-1.099
0.45,0.229,-0.871,0.732,2.014,-1.038
0.437,0.228,-0.869,-1.77,-1.16,-1.526
0.43,0.234,-0.87,-0.916,-0.854,-1.282
0.439,0.221,-0.867,0.549,-1.343,-0.916
0.436,0.223,-0.864,0.427,-2.075,-0.793
0.441,0.224,-0.865,0.244,-3.235,-1.16
0.433,0.237,-0.863,0.854,-3.052,-1.16
0.462,0.229,-0.863,2.869,-1.831,-1.77
0.463,0.231,-0.839,0.366,-3.357,-0.916
0.448,0.248,-0.85,-0.488,-2.258,-0.671
0.448,0.255,-0.849,2.136,-0.549,-0.793
0.463,0.239,-0.847,1.892,-0.061,-1.709
0.459,0.236,-0.855,-0.671,-1.038,-1.16
0.447,0.245,-0.863,-0.916,-0.61,-0.61
0.455,0.241,-0.866,0.305,-0.061,-1.221
0.459,0.234,-0.866,0.427,-0.183,-1.404
0.46,0.223,-0.858,0.61,-0.671,-1.404
0.459,0.22,-0.857,-0.366,-1.221,-0.671
0.446,0.235,-0.863,-1.343,-0.916,-0.488
0.464,0.224,-0.873,0.122,0.061,-0.488
0.453,0.225,-0.871,0.122,-0.549,0.061
0.453,0.233,-0.874,0.122,-0.732,0
0.451,0.239,-0.874,0.427,-0.977,0.061
0.448,0.238,-0.859,1.099,-2.075,-1.038
0.464,0.229,-0.848,0.732,-2.319,-1.343
0.455,0.239,-0.841,-0.244,-2.991,-0.916
0.45,0.251,-0.846,15.442,-1.831,-1.831
0.462,0.238,-0.833,1.648,-1.221,-2.625
0.463,0.226,-0.84,0.427,-0.977,-2.747
0.463,0.221,-0.856,-0.427,-0.916,-2.319
0.463,0.222,-0.875,-0.549,-1.221,-2.258
0.461,0.226,-0.844,1.343,-1.526,-2.075
0.458,0.225,-0.867,2.136,-1.404,-2.502
0.468,0.213,-0.851,2.136,-2.014,-2.869
0.462,0.221,-0.852,0.244,-3.235,-1.465
0.461,0.239,-0.86,1.953,-2.014,-1.587
0.474,0.235,-0.859,2.808,-2.625,-2.38
0.472,0.228,-0.854,2.075,-4.211,-2.319
0.475,0.219,-0.854,1.404,-4.272,-1.831
0.469,0.227,-0.862,0.793,-4.517,-0.549
0.466,0.233,-0.873,1.343,-4.944,-0.732
-0.446,0.349,2.437,-41.016,99.121,27.1
-0.916,0.475,3.458,-78.43,146.484,20.081
-1.358,0.524,4,-147.4,227.722,-12.573
-1.675,0.682,3.625,-187.927,356.689,-32.288
-1.502,0.66,2.969,-119.568,517.273,-33.691
-1.206,0.377,2.529,-78.796,600.708,-30.212
-0.927,0.078,1.468,-153.32,590.637,-37.781
-0.794,-0.099,0.564,-195.374,566.284,-27.71
-0.777,-0.234,0.292,-201.66,551.086,-24.719
-0.806,-0.592,-0.304,-244.934,496.338,-8.728
-1.262,-0.162,-1.334,-271.912,441.406,4.639
-1.183,-0.319,-1.654,-192.017,403.381,-41.809
-1.162,-0.667,-1.766,-154.175,350.403,-63.538
-1.084,-0.908,-2.225,-143.86,307.861,-52.49
-0.795,-1.008,-2.827,-117.371,269.531,-27.893
-0.612,-0.99,-3.02,-95.947,242.004,-15.93
-0.263,-0.832,-3.068,-56.335,162.048,-0.183
-0.064,-0.552,-2.609,-24.78,65.796,2.502
0.063,-0.23,-1.888,3.723,-6.653,-0.244
0.207,0.049,-1.154,27.344,-39.063,-0.916
0.415,0.242,-0.637,33.325,-45.715,0.916
0.511,0.416,-0.338,29.602,-41.504,5.188
0.568,0.484,-0.243,23.499,-28.442,4.211
0.559,0.455,-0.27,14.404,-14.282,-0.183
0.598,0.35,-0.454,7.629,3.662,1.77
0.53,0.311,-0.594,-0.244,8.911,10.864
0.486,0.291,-0.793,-8.85,9.399,12.39
0.486,0.29,-0.887,-5.127,5.31,18.311
0.391,0.372,-0.932,-5.127,1.282,16.357
0.424,0.399,-0.928,5.92,-1.404,2.502
0.45,0.384,-0.867,13.672,-7.935,0.183
0.435,0.402,-0.803,13.184,-12.817,-2.93
0.519,0.406,-0.753,14.038,-11.78,-3.174
0.553,0.4,-0.708,9.521,-16.724,-3.967
0.557,0.392,-0.691,6.042,-17.639,-4.578
0.564,0.393,-0.666,4.761,-13.489,-4.822
0.565,0.394,-0.658,4.333,-8.301,-4.944
0.582,0.373,-0.682,3.967,-1.16,-5.127
0.6,0.352,-0.729,-0.61,-1.77,-0.366
0.503,0.4,-0.732,-5.371,-5.371,-0.061
0.512,0.394,-0.761,-1.77,-1.953,-2.625
0.548,0.37,-0.775,1.77,-0.549,-2.258
0.56,0.355,-0.762,2.502,-3.174,-1.282
0.51,0.391,-0.761,-1.282,-7.141,-1.465
0.534,0.393,-0.787,3.052,-7.324,-4.7
0.562,0.364,-0.753,7.324,-9.521,-5.737
0.573,0.354,-0.731,3.479,-14.587,-6.226
0.553,0.366,-0.702,1.343,-15.442,-4.7
0.563,0.378,-0.697,0.305,-11.658,-4.517
0.594,0.365,-0.704,0.549,-7.507,-1.709
0.582,0.366,-0.697,-2.502,-7.324,-1.16
0.592,0.366,-0.703,-2.441,-6.165,-0.793
0.589,0.369,-0.71,-1.526,-5.798,-1.16
0.598,0.355,-0.704,-0.732,-4.7,-1.892
0.578,0.377,-0.715,-2.319,-4.333,-0.732
0.559,0.395,-0.728,0.122,-2.441,-1.648
0.581,0.366,-0.719,2.441,-1.343,-2.991
0.58,0.362,-0.723,0.549,-3.54,-2.563
0.584,0.358,-0.713,-0.122,-4.333,-2.014
0.595,0.345,-0.712,-0.916,-4.7,-1.038
0.584,0.36,-0.708,-1.526,-5.31,-0.122
0.598,0.342,-0.703,0.122,-3.967,-0.916
0.595,0.346,-0.698,-0.488,-3.967,0.244
0.598,0.356,-0.703,-1.404,-4.639,0.305
0.601,0.343,-0.699,-0.854,-3.967,0.977
0.598,0.344,-0.705,-2.563,-4.395,2.38
0.577,0.378,-0.722,-1.465,-4.211,1.465
0.597,0.364,-0.711,3.113,-2.258,-0.732
0.619,0.357,-0.699,3.174,-2.869,-1.099
0.616,0.359,-0.698,0.427,-4.883,-0.854
0.592,0.369,-0.682,-0.977,-4.578,0.366
0.601,0.388,-0.711,-1.892,-1.892,-0.671
0.611,0.373,-0.711,1.038,-0.549,-1.221
0.603,0.379,-0.708,0.61,-1.709,-2.136
0.614,0.365,-0.708,1.648,-1.77,-3.479
0.621,0.342,-0.698,1.953,-1.892,-2.563
0.604,0.361,-0.7,-0.366,-1.709,-1.343
0.617,0.353,-0.702,0.732,-1.282,-2.075
0.617,0.35,-0.694,0.854,-1.221,-0.488
0.605,0.381,-0.703,0.122,-0.977,0.183
0.609,0.377,-0.689,2.319,-0.793,-1.587
0.609,0.375,-0.675,2.563,-0.732,-1.831
0.609,0.373,-0.676,1.648,-1.343,-1.953
0.616,0.371,-0.677,0.793,-0.793,-1.831
0.623,0.363,-0.685,-0.122,-0.977,-1.282
0.611,0.369,-0.692,-0.671,-1.587,-0.366
0.609,0.362,-0.694,0.305,-1.465,-0.854
0.609,0.36,-0.692,0.366,-1.465,-0.488
0.611,0.366,-0.698,-0.122,-1.465,-0.549
0.61,0.36,-0.687,1.221,-1.038,-0.732
0.622,0.354,-0.686,0.854,-0.977,-0.671
0.626,0.352,-0.695,-0.671,-1.77,0.244
0.61,0.366,-0.688,-0.793,-2.502,-0.793
0.624,0.365,-0.693,0.854,-2.075,-1.465
0.625,0.362,-0.685,1.099,-2.014,-1.465
0.626,0.36,-0.682,-0.366,-2.197,-1.526
0.629,0.353,-0.686,-0.183,-2.075,-1.343
0.615,0.363,-0.683,0.488,-2.014,-0.61
0.627,0.356,-0.687,1.343,-1.648,-1.953
0.622,0.35,-0.673,1.709,-1.709,-1.221
0.617,0.357,-0.679,0.732,-0.977,-0.427
0.63,0.357,-0.684,1.526,-0.122,0.183
0.618,0.366,-0.681,1.343,-1.038,0.488
0.623,0.365,-0.677,1.221,-1.221,-0.366
0.622,0.364,-0.679,0.61,-1.709,-0.549
0.615,0.368,-0.683,0.732,-1.953,-0.916
0.625,0.365,-0.682,2.075,-1.099,-1.526
0.627,0.367,-0.685,2.258,-1.831,-0.916
0.623,0.373,-0.687,1.648,-2.563,-1.77
0.628,0.366,-0.676,2.319,-2.502,-2.014
0.626,0.376,-0.678,1.282,-3.235,-2.136
0.64,0.364,-0.669,2.38,-2.991,-2.502
0.636,0.367,-0.661,1.16,-3.54,-1.77
0.641,0.368,-0.668,0.793,-3.357,-2.258
0.635,0.372,-0.654,1.587,-2.563,-1.892
0.643,0.356,-0.651,1.709,-2.014,-1.77
0.642,0.361,-0.655,0.183,-1.465,-0.61
0.635,0.374,-0.672,-0.366,-1.099,-0.671
0.642,0.365,-0.66,1.465,-0.61,-0.916
-0.506,0.461,2.362,-28.259,28.442,31.25
-1.315,0.689,3.922,-52.063,82.092,32.41
-2.213,0.984,4,-92.896,225.22,-4.883
-2.2,0.436,4,-90.698,447.144,-70.74
-1.659,-0.074,3.651,-119.08,634.399,-52.734
-1.505,-0.064,2.779,-156.616,673.157,-27.039
-1.33,-0.051,1.869,-188.232,683.777,-14.954
-0.798,-0.27,0.385,-212.952,639.16,-19.348
-0.666,-0.619,-0.464,-261.23,513,-21.79
-0.818,-0.575,-1.332,-267.578,377.197,-6.287
-0.9,-0.359,-1.707,-228.516,356.445,-16.785
-0.669,-0.367,-1.821,-160.95,314.209,-52.185
-0.554,-0.389,-1.776,-136.169,293.152,-60.791
-0.438,-0.425,-1.666,-111.816,250.427,-62.561
-0.283,-0.468,-1.664,-105.103,234.68,-56.824
-0.241,-0.427,-1.677,-99.426,205.444,-37.72
-0.068,-0.222,-1.779,-66.345,183.228,-20.935
0.009,-0.161,-1.77,-54.749,166.321,-15.259
0.108,-0.066,-1.658,-39.978,123.413,-7.935
0.133,0.057,-1.509,-30.457,86.243,-3.418
0.217,0.179,-1.337,-19.104,56.58,-2.502
0.277,0.237,-1.141,-6.897,35.828,-7.08
0.441,0.198,-0.941,2.258,25.879,-9.399
0.507,0.217,-0.787,-1.526,13.245,-2.808
0.493,0.315,-0.7,-7.019,8.545,2.136
0.53,0.326,-0.703,-3.418,14.221,2.686
0.501,0.337,-0.715,-0.854,15.991,3.113
0.515,0.321,-0.761,3.052,17.883,0.183
0.518,0.299,-0.76,5.737,12.878,0.671
0.514,0.287,-0.781,2.014,5.31,-1.404
0.54,0.274,-0.792,0.671,2.136,1.282
0.493,0.304,-0.82,-2.441,-2.625,5.127
0.467,0.37,-0.808,0.183,-3.418,6.226
0.508,0.358,-0.798,4.15,-3.052,2.686
0.507,0.346,-0.801,3.723,-6.348,3.296
0.496,0.381,-0.792,2.319,-9.216,2.197
0.535,0.358,-0.778,4.7,-9.399,-1.404
0.532,0.324,-0.755,4.883,-11.597,-1.587
0.543,0.352,-0.765,3.113,-13.611,-2.38
0.569,0.342,-0.735,8.118,-12.817,-2.625
0.586,0.33,-0.699,6.348,-13.245,0.854
0.595,0.38,-0.686,3.418,-13.367,3.235
0.585,0.413,-0.674,3.357,-11.78,4.944
0.569,0.448,-0.676,3.357,-9.399,2.808
0.604,0.419,-0.692,5.92,-5.737,-0.183
0.579,0.414,-0.674,4.272,-5.859,0.977
0.572,0.422,-0.695,0.732,-5.432,-1.831
0.602,0.386,-0.712,2.747,-1.404,-1.77
0.599,0.366,-0.704,0.916,-2.136,0.305
0.595,0.362,-0.709,-3.113,-4.517,0.366
0.603,0.351,-0.713,-3.723,-4.761,2.38
0.575,0.365,-0.702,-4.517,-5.249,4.089
0.577,0.362,-0.722,-4.456,-4.333,3.418
0.569,0.376,-0.725,-1.831,-4.333,4.15
0.549,0.397,-0.721,-0.854,-4.822,2.686
0.555,0.412,-0.728,2.075,-4.944,0
0.558,0.418,-0.715,5.066,-5.066,-1.404
0.576,0.401,-0.697,5.066,-5.249,-2.258
0.585,0.4,-0.692,2.136,-5.676,-1.77
0.59,0.405,-0.686,1.648,-6.165,-2.258
0.592,0.41,-0.678,1.892,-5.554,-2.686
0.613,0.397,-0.679,2.93,-4.822,-3.723
0.607,0.398,-0.658,2.991,-4.15,-4.15
0.628,0.377,-0.668,2.563,-2.441,-4.028
0.639,0.35,-0.668,0.61,-2.686,-1.892
0.612,0.362,-0.673,-4.15,-3.479,1.221
0.603,0.395,-0.705,-5.066,-2.563,1.404
0.61,0.392,-0.708,-0.732,-1.16,0.671
0.583,0.405,-0.68,0.549,-2.197,0.122
0.608,0.395,-0.688,0.244,-1.404,-3.418
0.618,0.378,-0.67,1.465,-1.099,-2.686
0.617,0.382,-0.672,-1.099,-1.77,-1.587
0.618,0.383,-0.679,-1.16,-1.038,-1.587
0.615,0.385,-0.677,-0.977,-0.732,-2.014
0.628,0.374,-0.679,-0.366,-0.305,-2.808
0.625,0.369,-0.677,-0.732,-0.305,-2.625
0.622,0.365,-0.683,-1.16,-0.061,-2.197
0.614,0.366,-0.686,-1.587,0.061,-0.916
0.607,0.38,-0.692,-1.587,-0.549,-0.61
0.609,0.383,-0.694,-0.488,-0.854,-1.465
0.62,0.369,-0.682,1.343,-1.343,-2.319
0.616,0.368,-0.666,0.61,-2.502,-2.075
0.623,0.368,-0.665,-0.061,-2.441,-1.709
0.614,0.385,-0.663,-0.366,-1.526,-0.549
0.618,0.395,-0.671,0.061,-0.671,-1.099
0.616,0.387,-0.66,1.343,-0.549,-2.197
0.63,0.376,-0.667,0.427,0.122,-2.808
0.626,0.38,-0.669,-0.366,-0.244,-2.075
0.629,0.372,-0.676,-0.366,-0.061,-2.38
0.622,0.375,-0.667,-0.305,0.488,-1.77
0.632,0.371,-0.687,-0.793,0.977,-2.136
0.627,0.371,-0.678,0.305,0.732,-1.343
0.628,0.374,-0.689,0.061,0.122,-2.319
0.627,0.358,-0.676,-0.366,-0.061,-0.61
0.617,0.376,-0.694,-2.991,-0.61,-0.305
0.629,0.358,-0.69,0.122,0.183,-0.671
0.635,0.343,-0.694,-0.732,-0.854,0.916
0.613,0.368,-0.687,-1.526,-2.686,1.343
0.623,0.371,-0.678,0.122,-2.197,0.488
0.612,0.377,-0.658,1.282,-1.465,0.854
0.626,0.387,-0.673,0.61,-1.038,-0.305
0.625,0.38,-0.654,2.014,-1.038,-0.305
0.626,0.379,-0.662,-0.305,-1.099,-0.366
0.621,0.379,-0.667,0.122,-0.61,0
0.626,0.385,-0.673,0.183,0.061,-1.038
0.641,0.372,-0.676,0.977,0.061,-1.099
0.637,0.366,-0.672,-0.61,-1.282,-0.366
0.622,0.374,-0.673,-2.38,-1.892,-0.366
0.643,0.356,-0.672,-2.502,-1.587,0.061
0.634,0.357,-0.665,-3.235,-1.587,2.625
0.621,0.374,-0.68,-2.747,-0.366,1.831
0.613,0.393,-0.681,-1.16,0.549,1.282
0.636,0.374,-0.688,1.221,0.366,-0.793
0.634,0.364,-0.669,-0.366,-0.793,0.366
0.624,0.376,-0.673,-1.099,-0.732,0.671
0.633,0.38,-0.679,-0.244,-0.122,0.305
0.63,0.375,-0.667,0.427,-0.366,-0.183
0.636,0.371,-0.663,0.244,0.122,-0.488
0.637,0.368,-0.659,0,0.305,-0.427
-0.542,0.643,3.18,-54.504,81.36,32.776
-0.938,0.764,4,-82.336,92.407,19.47
-1.635,0.882,4,-175.171,193.787,-31.799
-1.579,0.721,4,-216.797,524.597,-48.706
-1.447,0.866,2.498,-150.513,585.205,-32.776
-0.975,0.231,1.689,-92.285,624.207,-50.415
-0.519,-0.362,0.53,-164.856,572.754,-45.105
-0.355,-0.437,-0.357,-231.934,482.849,-6.226
-0.379,-0.583,-0.634,-277.954,350.037,9.766
-0.675,-0.428,-1.156,-267.944,331.848,6.042
-0.656,-0.442,-1.484,-210.327,310.181,-18.799
-0.491,-0.571,-1.618,-158.02,280.701,-38.818
-0.432,-0.521,-1.7,-136.108,238.953,-42.114
-0.364,-0.468,-1.726,-102.356,211.243,-41.992
-0.237,-0.411,-1.737,-60.913,175.354,-24.414
-0.028,-0.296,-1.712,-50.293,139.038,-6.897
0.026,-0.094,-1.625,-44.556,101.624,8.606
0.029,0.036,-1.548,-38.513,85.999,12.573
0.06,0.224,-1.349,-18.677,62.866,8.545
0.131,0.304,-1.144,-1.038,44.739,-3.967
0.239,0.264,-0.947,5.066,26.855,-15.93
0.314,0.221,-0.813,0.488,15.381,-17.639
0.346,0.227,-0.804,-2.258,14.648,-10.742
0.35,0.238,-0.807,-1.587,16.357,-6.897
0.386,0.25,-0.884,1.587,17.273,-4.883
0.401,0.244,-0.885,6.958,11.719,-3.967
0.398,0.241,-0.884,5.859,3.113,-4.089
0.377,0.281,-0.885,7.202,-1.648,-2.625
0.358,0.324,-0.886,9.705,-2.991,-3.174
0.407,0.308,-0.891,14.648,-2.869,-3.479
0.421,0.328,-0.838,11.963,-7.202,0.549
0.449,0.36,-0.829,5.249,-11.047,3.906
0.474,0.391,-0.819,0.854,-15.015,6.653
0.46,0.436,-0.804,0.488,-15.564,3.784
0.46,0.432,-0.789,2.869,-13.916,-0.305
0.466,0.403,-0.796,3.906,-12.146,-4.333
0.495,0.366,-0.776,4.822,-10.132,-6.226
0.49,0.346,-0.782,1.953,-8.911,-5.371
0.49,0.343,-0.782,2.197,-5.31,-2.686
0.48,0.367,-0.805,0.122,-4.517,-0.244
0.471,0.369,-0.812,2.258,-4.15,-0.183
0.466,0.385,-0.811,3.418,-3.845,-1.038
0.474,0.386,-0.81,4.883,-4.395,-1.709
0.459,0.401,-0.801,4.822,-5.859,-2.441
0.462,0.395,-0.807,4.883,-7.812,-4.578
0.464,0.382,-0.791,7.019,-9.155,-7.324
0.486,0.356,-0.778,6.836,-8.606,-7.996
0.494,0.345,-0.771,6.226,-8.606,-6.592
0.507,0.339,-0.777,5.005,-9.216,-6.287
0.515,0.335,-0.768,4.761,-10.132,-4.883
0.502,0.351,-0.766,3.418,-10.681,-4.089
0.502,0.362,-0.769,3.967,-9.46,-3.723
0.507,0.367,-0.754,4.761,-8.118,-3.723
0.517,0.37,-0.748,3.601,-7.568,-2.93
0.517,0.381,-0.752,2.563,-7.385,-2.197
0.519,0.39,-0.75,2.625,-6.531,-1.77
0.521,0.399,-0.75,3.174,-6.165,-2.197
0.52,0.395,-0.738,3.662,-5.676,-3.54
0.528,0.386,-0.73,3.723,-4.761,-3.052
0.535,0.377,-0.722,3.235,-3.845,-2.686
0.545,0.372,-0.729,1.16,-3.601,-1.831
0.536,0.372,-0.733,-0.732,-3.479,-0.427
0.529,0.378,-0.744,-0.854,-2.93,-0.427
0.53,0.383,-0.752,0.977,-1.221,-0.488
0.528,0.376,-0.753,2.563,-0.122,-0.977
0.533,0.37,-0.761,2.136,0.427,-1.709
0.537,0.372,-0.766,1.831,-0.61,-1.648
0.539,0.372,-0.764,1.831,-1.221,-2.014
0.541,0.366,-0.759,1.77,-1.282,-2.625
0.534,0.373,-0.757,1.16,-1.587,-2.075
0.531,0.383,-0.763,0.732,-1.465,-2.625
0.535,0.379,-0.75,2.38,-0.61,-3.296
0.546,0.364,-0.747,1.953,-0.366,-3.479
0.55,0.354,-0.743,-0.305,-1.77,-3.113
0.536,0.361,-0.746,-1.953,-2.38,-2.014
0.541,0.36,-0.748,-1.16,-1.831,-1.831
0.538,0.359,-0.746,0.061,-2.075,-1.648
0.538,0.364,-0.753,1.221,-1.648,-2.075
0.54,0.357,-0.746,2.686,-1.343,-2.319
0.542,0.357,-0.753,1.77,-1.953,-2.258
0.539,0.354,-0.754,1.465,-2.563,-1.465
0.539,0.353,-0.76,1.221,-3.296,-0.305
0.533,0.361,-0.771,0.977,-4.456,0.732
0.532,0.377,-0.774,2.197,-4.944,0.977
0.54,0.389,-0.759,4.028,-5.92,-0.427
0.552,0.387,-0.74,5.31,-6.897,-1.892
0.562,0.381,-0.726,4.395,-8.118,-2.258
0.567,0.376,-0.712,3.113,-9.033,-2.075
0.568,0.37,-0.713,1.892,-8.545,-1.038
0.573,0.369,-0.716,1.648,-7.202,0.183
0.575,0.367,-0.717,1.587,-6.775,0.549
0.572,0.372,-0.716,0.916,-6.165,0.977
0.576,0.377,-0.714,1.77,-6.287,1.465
0.571,0.378,-0.708,1.526,-5.859,1.648
0.567,0.384,-0.718,1.221,-4.7,2.075
0.567,0.388,-0.723,1.953,-4.15,1.892
0.573,0.387,-0.713,2.747,-4.517,1.404
0.568,0.39,-0.704,2.869,-4.7,1.709
0.571,0.383,-0.709,3.784,-3.357,2.136
0.574,0.373,-0.713,4.333,-1.709,2.747
0.574,0.378,-0.727,2.93,-2.808,3.296
0.57,0.384,-0.74,2.38,-4.395,2.686
0.556,0.394,-0.738,3.235,-5.554,2.197
0.556,0.396,-0.737,5.737,-5.615,0.549
0.572,0.39,-0.738,6.165,-7.263,-0.122
0.581,0.375,-0.732,5.554,-10.01,-0.122
0.571,0.375,-0.727,4.028,-11.963,1.282
0.566,0.385,-0.747,3.662,-11.841,1.709
0.559,0.395,-0.766,7.202,-11.902,1.343
0.564,0.386,-0.766,11.963,-12.39,0
0.563,0.387,-0.76,15.442,-14.587,-0.793
0.565,0.387,-0.754,16.907,-16.479,-1.16
0.58,0.391,-0.745,17.09,-17.944,-1.343
0.589,0.395,-0.726,16.785,-21.973,-1.526
0.594,0.396,-0.709,17.212,-24.597,-0.732
0.599,0.407,-0.688,18.616,-25.146,-0.366
0.621,0.409,-0.673,18.921,-26.672,-0.305
0.631,0.413,-0.653,18.127,-29.785,-0.183
0.634,0.416,-0.639,18.127,-31.86,-0.061
-0.429,0.592,2.832,-34.973,88.623,46.326
-1.312,1.012,4,-80.139,136.597,39.917
-1.919,1.235,4,-165.955,269.714,-26.55
-1.491,0.79,4,-160.034,499.756,-88.013
-1.194,0.567,2.733,-109.741,659.363,-57.068
-0.668,0.051,1.249,-120.911,678.65,-55.786
-0.437,-0.241,0.542,-152.039,638.916,-40.588
-0.186,-0.818,-0.581,-264.709,453.674,6.897
-0.791,-0.695,-0.931,-312.561,354.675,44.25
-1.033,-0.378,-1.607,-285.95,313.232,22.766
-0.836,-0.319,-1.783,-183.105,297.119,-24.78
-0.48,-0.55,-1.553,-110.535,265.93,-58.594
-0.295,-0.631,-1.401,-95.947,228.577,-47.058
-0.28,-0.46,-1.416,-95.581,197.937,-16.418
-0.285,-0.247,-1.506,-79.102,173.34,0.61
-0.153,-0.141,-1.474,-44.495,152.588,4.15
-0.076,-0.105,-1.426,-30.945,125.366,10.742
0.014,0.037,-1.281,-21.729,99.121,16.907
0.071,0.251,-1.13,-20.996,70.374,15.747
0.088,0.309,-1.016,-18.86,51.941,8.728
0.145,0.296,-0.916,-13,42.969,2.808
0.216,0.275,-0.873,-11.414,36.499,2.869
0.226,0.305,-0.878,-13.184,30.823,3.723
0.259,0.309,-0.9,-8.118,28.992,3.54
0.254,0.33,-0.896,-3.418,25.574,2.197
0.283,0.336,-0.91,0.183,21.118,-0.244
0.29,0.322,-0.891,2.625,15.869,-1.648
0.325,0.315,-0.912,-1.709,11.902,-1.709
0.316,0.333,-0.922,-2.808,4.15,1.282
0.282,0.383,-0.96,-1.16,1.526,-2.869
0.322,0.381,-0.917,4.639,-0.793,-4.822
0.308,0.374,-0.889,3.296,-5.188,-4.944
0.331,0.364,-0.901,0.671,-6.287,-5.92
0.33,0.376,-0.881,1.953,-7.629,-6.287
0.361,0.346,-0.886,3.723,-6.653,-7.812
0.375,0.327,-0.879,4.456,-7.629,-6.897
0.373,0.337,-0.863,3.418,-8.972,-5.371
0.386,0.328,-0.858,3.967,-7.69,-3.784
0.365,0.355,-0.819,3.357,-7.141,-0.061
0.373,0.371,-0.842,2.441,-3.174,0.488
0.4,0.363,-0.853,4.272,-0.61,4.395
0.385,0.376,-0.838,-3.296,-6.226,6.592
0.352,0.414,-0.869,-7.019,-6.409,4.517
0.339,0.432,-0.871,-2.014,-4.333,2.197
0.36,0.407,-0.857,2.869,-3.601,-2.747
0.381,0.382,-0.825,2.747,-4.883,-3.845
0.38,0.375,-0.814,-0.427,-6.287,-2.991
0.382,0.383,-0.819,-2.075,-4.639,-2.197
0.391,0.368,-0.832,-0.366,-2.625,-2.686
0.377,0.366,-0.824,0.549,-0.671,-2.747
0.388,0.351,-0.834,1.77,1.587,-3.113
0.398,0.344,-0.837,1.404,1.953,-1.892
0.389,0.351,-0.846,-2.014,0.366,-0.305
0.376,0.371,-0.857,-2.869,-0.427,0.488
0.381,0.371,-0.853,-1.343,-0.793,-0.671
0.389,0.358,-0.848,-0.793,-2.136,-1.404
0.386,0.367,-0.84,-0.671,-2.991,-0.793
0.392,0.367,-0.845,-0.977,-3.54,-1.343
0.386,0.366,-0.829,-0.549,-3.601,-0.977
0.391,0.362,-0.833,-1.465,-3.296,-0.61
0.384,0.374,-0.838,-2.014,-2.625,-0.671
0.393,0.371,-0.842,-0.854,-1.709,-0.916
0.4,0.365,-0.836,-1.221,-1.648,-1.099
0.404,0.357,-0.833,-2.136,-2.625,-0.427
0.389,0.362,-0.841,-3.113,-2.502,-0.732
0.4,0.351,-0.842,-0.61,-0.732,-1.282
0.397,0.344,-0.837,-0.732,-0.366,-1.16
0.399,0.353,-0.85,-1.709,-0.977,-0.977
0.385,0.369,-0.844,-1.465,-2.258,-1.099
0.402,0.362,-0.845,-0.183,-1.77,-2.625
0.396,0.354,-0.833,0.305,-2.014,-1.953
0.402,0.355,-0.843,-1.709,-1.953,-2.136
0.409,0.351,-0.839,-0.916,-2.136,-1.648
0.402,0.356,-0.837,-1.099,-2.991,-1.404
0.396,0.362,-0.839,-0.671,-1.831,-2.441
0.412,0.345,-0.84,1.831,-0.671,-3.479
0.414,0.348,-0.831,1.282,-1.526,-2.441
0.411,0.355,-0.838,-0.793,-2.319,-2.136
0.402,0.364,-0.828,0.244,-2.014,-1.892
0.409,0.359,-0.823,0.916,-0.916,-2.319
0.412,0.359,-0.818,0.61,-0.427,-1.77
0.415,0.361,-0.823,0.122,-0.366,-1.587
0.418,0.366,-0.833,-0.244,-0.549,-1.343
0.413,0.362,-0.825,0.427,-1.77,-1.587
0.407,0.362,-0.818,-0.244,-1.709,-1.221
0.424,0.35,-0.828,0.61,-0.61,-1.526
0.418,0.35,-0.833,-0.549,-1.038,-0.427
0.413,0.352,-0.842,-0.61,-1.465,-0.244
0.416,0.348,-0.843,0.244,-1.404,-0.061
0.412,0.346,-0.833,0.305,-2.075,-0.244
0.413,0.353,-0.835,0.549,-1.343,-0.488
0.421,0.349,-0.838,1.282,-1.16,-0.366
0.415,0.348,-0.836,0.183,-2.502,-0.488
0.414,0.348,-0.841,0.305,-2.625,-0.61
0.401,0.357,-0.845,0.854,-2.441,-0.183
0.407,0.354,-0.85,2.38,-2.686,-1.343
0.416,0.344,-0.839,2.502,-3.418,-1.526
0.418,0.34,-0.84,0.732,-4.761,-1.526
0.42,0.343,-0.848,0.61,-5.127,-1.038
0.421,0.34,-0.853,1.465,-5.554,-0.488
0.419,0.34,-0.862,1.77,-6.775,-0.488
0.42,0.34,-0.859,3.235,-7.996,-0.549
0.419,0.345,-0.867,5.737,-8.423,-0.977
0.431,0.328,-0.862,7.568,-9.033,-1.526
0.444,0.306,-0.86,6.409,-10.925,-0.366
0.427,0.309,-0.866,2.991,-14.282,2.502
0.42,0.322,-0.886,3.906,-16.052,3.906
0.424,0.325,-0.881,7.446,-17.029,4.395
0.433,0.331,-0.872,8.545,-20.203,4.089
0.433,0.341,-0.86,10.742,-23.193,3.296
0.438,0.349,-0.842,12.817,-24.902,2.869
0.445,0.357,-0.831,14.343,-26.245,3.174
0.455,0.366,-0.821,15.625,-27.71,3.662
0.459,0.375,-0.803,16.846,-30.151,3.662
0.477,0.392,-0.797,16.785,-31.006,3.113
0.483,0.405,-0.781,18.372,-32.41,2.869
0.499,0.411,-0.765,19.958,-33.63,1.343
0.506,0.413,-0.742,20.691,-34.851,0.488
0.527,0.411,-0.726,19.775,-35.583,0.427
-0.424,0.981,2.503,-36.377,35.4,7.385
-1.314,1.526,3.958,-97.656,59.57,-26.428
-1.836,1.839,4,-139.099,183.838,-88.928
-1.991,1.62,4,-65.247,403.87,-139.465
-1.424,0.707,3.424,-47.791,588.928,-163.818
-0.855,0.091,1.53,-142.212,636.353,-138.184
-0.435,-0.532,0.069,-211.06,588.379,-101.074
-0.244,-0.69,-0.942,-277.954,467.896,-38.33
-0.571,-0.366,-1.141,-307.739,330.322,-13.306
-0.634,-0.146,-1.221,-255.127,259.216,-65.735
-0.448,-0.404,-0.915,-157.898,244.873,-117.676
-0.344,-0.562,-0.84,-118.347,251.526,-114.136
-0.226,-0.652,-0.931,-115.234,251.77,-99.06
-0.285,-0.48,-1.133,-106.628,231.506,-56.274
-0.324,-0.424,-1.183,-95.154,213.074,-40.222
-0.234,-0.244,-1.425,-72.693,195.862,-28.32
-0.151,-0.154,-1.5,-49.622,171.692,-20.935
-0.095,-0.052,-1.545,-36.682,143.188,-15.747
-0.04,0.019,-1.521,-23.315,118.774,-15.198
0.025,0.036,-1.454,-12.268,79.407,-15.991
0.133,0.029,-1.323,-11.597,52.063,-14.709
0.216,0.031,-1.221,-8.85,30.945,-10.559
0.253,0.074,-1.125,-5.676,15.198,-7.812
0.297,0.087,-1.042,2.747,8.728,-4.822
0.33,0.115,-0.971,7.08,2.441,-2.258
0.365,0.131,-0.949,5.981,-6.042,-1.221
0.368,0.193,-0.877,7.141,-14.282,3.174
0.376,0.207,-0.838,7.751,-18.86,2.014
0.412,0.233,-0.822,8.423,-14.893,4.333
0.423,0.285,-0.832,4.395,-14.648,6.653
0.438,0.315,-0.837,3.601,-15.686,7.996
0.42,0.354,-0.832,2.808,-15.991,7.69
0.434,0.361,-0.823,3.784,-14.587,3.662
0.424,0.388,-0.802,3.052,-13.55,0.671
0.461,0.375,-0.821,4.761,-10.803,-2.686
0.47,0.358,-0.784,7.263,-9.705,-2.991
0.461,0.35,-0.783,4.883,-9.155,-3.662
0.469,0.351,-0.794,4.272,-4.639,-2.869
0.466,0.318,-0.807,4.089,-2.136,-2.502
0.474,0.313,-0.819,2.747,-1.465,-1.282
0.46,0.325,-0.818,1.892,-0.732,1.587
0.451,0.346,-0.823,-0.854,-0.122,2.625
0.463,0.343,-0.836,-1.953,-1.526,1.831
0.44,0.352,-0.818,-3.54,-3.052,3.174
0.418,0.386,-0.839,-3.784,-2.747,0.488
0.451,0.347,-0.837,3.174,0.977,-2.502
0.455,0.321,-0.809,2.319,0.122,-1.648
0.447,0.339,-0.832,-2.441,-1.465,-1.892
0.452,0.328,-0.823,0.061,-0.61,-1.892
0.464,0.313,-0.823,-0.732,-0.244,-2.258
0.481,0.3,-0.829,-1.16,-0.122,-1.953
0.471,0.301,-0.82,-2.197,-1.404,-0.427
0.468,0.301,-0.819,-2.197,-1.221,0.549
0.454,0.315,-0.798,-1.892,-0.061,1.587
0.459,0.325,-0.807,-2.075,1.16,1.16
0.468,0.327,-0.802,-1.465,1.587,1.404
0.477,0.321,-0.808,-3.784,-0.366,1.16
0.461,0.324,-0.802,-7.446,-1.343,1.648
0.448,0.345,-0.828,-5.31,1.038,1.892
0.455,0.332,-0.84,-1.099,2.563,-0.061
0.461,0.312,-0.824,-0.427,2.197,0
0.45,0.32,-0.834,-4.211,0.854,-0.183
0.461,0.314,-0.849,-3.113,1.526,0.305
0.442,0.327,-0.841,-2.014,1.16,0.305
0.46,0.313,-0.849,0.061,1.526,-2.563
0.478,0.274,-0.83,1.648,1.404,-1.953
0.481,0.265,-0.836,-3.54,0.732,1.526
0.446,0.306,-0.838,-6.287,-1.404,3.174
0.455,0.312,-0.844,-4.333,-1.099,1.831
0.44,0.324,-0.829,-1.343,0.305,-0.305
0.49,0.304,-0.83,0.916,0.854,-2.319
0.46,0.3,-0.814,-0.488,-0.427,-1.831
0.459,0.305,-0.827,-2.38,-0.61,-1.892
0.464,0.302,-0.828,-1.16,0,-0.977
0.453,0.311,-0.825,-2.502,-0.061,-1.099
0.449,0.314,-0.833,-1.709,-0.061,-2.014
0.453,0.305,-0.833,0.732,0.122,-3.784
0.473,0.281,-0.836,2.563,-0.061,-4.333
0.471,0.274,-0.831,1.099,-0.61,-2.869
0.469,0.282,-0.85,-1.465,-1.16,-1.221
0.443,0.307,-0.857,-0.854,-1.709,-0.793
0.468,0.292,-0.863,2.319,-1.404,-2.625
0.467,0.284,-0.837,2.38,-3.784,-2.319
0.471,0.293,-0.84,1.038,-5.005,-2.014
0.458,0.308,-0.824,2.441,-4.211,-1.587
0.475,0.306,-0.825,3.235,-3.906,-2.808
0.479,0.301,-0.814,3.235,-4.272,-1.953
0.473,0.308,-0.815,1.648,-4.944,-0.549
0.469,0.317,-0.825,1.221,-4.395,-0.427
0.48,0.304,-0.829,3.479,-3.296,-0.732
0.487,0.291,-0.826,4.15,-3.54,-0.61
0.488,0.286,-0.821,4.089,-4.822,0.122
0.473,0.297,-0.819,2.686,-5.981,0.488
0.471,0.307,-0.832,2.441,-5.798,0
0.471,0.305,-0.839,3.357,-5.432,-0.366
0.47,0.312,-0.854,3.601,-6.165,-0.732
0.467,0.32,-0.852,7.507,-7.08,-2.563
0.481,0.31,-0.844,8.789,-7.69,-3.296
0.488,0.301,-0.825,9.644,-9.521,-3.54
0.489,0.299,-0.818,9.155,-10.376,-3.601
0.498,0.301,-0.815,8.301,-11.719,-2.991
0.492,0.307,-0.815,8.972,-11.78,-3.235
0.494,0.305,-0.815,9.705,-11.719,-3.174
0.507,0.295,-0.82,10.559,-12.756,-2.136
0.508,0.29,-0.818,9.155,-14.099,-1.16
0.505,0.31,-0.819,8.85,-15.564,0.244
0.5,0.323,-0.82,9.705,-16.357,0.122
0.503,0.333,-0.824,13.489,-16.174,-0.61
0.526,0.325,-0.81,15.686,-17.029,-0.916
0.538,0.315,-0.792,14.282,-20.325,-0.183
0.525,0.336,-0.782,11.536,-23.315,0.854
0.519,0.359,-0.774,11.841,-23.682,0.244
0.526,0.36,-0.77,15.076,-22.705,-0.916
0.546,0.355,-0.758,16.113,-22.583,-1.465
0.556,0.349,-0.756,16.907,-23.682,-1.831
0.561,0.344,-0.742,15.686,-24.658,-1.038
0.563,0.344,-0.742,15.503,-25.024,-0.61
0.576,0.34,-0.743,15.808,-25.391,0.305
0.582,0.344,-0.74,16.052,-26.855,1.587
-0.415,0.693,3.181,-43.823,54.504,51.331
-1.526,1.452,4,-149.414,78.491,42.114
-2.142,1.987,4,-208.74,231.567,-49.683
-1.67,1.12,4,-94.849,505.554,-142.944
-1.14,0.199,2.97,-60.608,672.241,-117.676
-0.847,-0.462,1.23,-184.814,664.246,-67.81
-0.851,-0.451,-0.482,-291.26,566.467,-12.268
-0.709,-0.521,-1.359,-298.584,440.918,3.967
-0.656,-0.521,-1.683,-256.836,343.811,-6.897
-0.367,-0.575,-1.674,-213.623,261.169,-34.729
-0.31,-0.601,-1.481,-181.213,199.463,-54.565
-0.238,-0.555,-1.393,-135.559,188.538,-59.326
-0.081,-0.565,-1.327,-88.684,192.322,-46.326
0.021,-0.454,-1.376,-66.833,174.988,-21.179
0.043,-0.368,-1.38,-52.917,144.714,-0.977
0.074,-0.034,-1.32,-38.025,117.065,12.451
0.073,0.071,-1.28,-31.555,93.567,17.395
0.065,0.288,-1.136,-16.663,74.768,10.01
0.121,0.397,-1.088,-6.348,62.744,0.549
0.17,0.498,-0.893,-0.854,54.199,-6.592
0.251,0.48,-0.841,3.052,49.683,-15.625
0.342,0.427,-0.798,3.357,45.41,-19.165
0.373,0.404,-0.777,1.343,42.175,-18.738
0.379,0.395,-0.769,-6.531,33.997,-15.686
0.383,0.367,-0.796,-9.705,30.701,-14.832
0.393,0.338,-0.815,-8.545,27.954,-14.587
0.406,0.319,-0.849,-8.301,23.804,-14.221
0.41,0.299,-0.846,-6.897,20.813,-13.123
0.425,0.281,-0.84,-6.287,18.372,-10.071
0.398,0.306,-0.834,-8.484,15.137,-2.991
0.383,0.347,-0.843,-7.629,15.747,1.282
0.342,0.402,-0.869,-7.324,16.296,3.113
0.365,0.417,-0.898,-4.456,16.479,0.793
0.355,0.412,-0.907,-1.709,12.756,-2.136
0.358,0.411,-0.917,-2.563,7.751,-4.089
0.347,0.417,-0.898,-0.488,3.723,-5.249
0.348,0.397,-0.897,1.16,2.014,-8.179
0.393,0.361,-0.888,3.662,1.038,-9.521
0.381,0.362,-0.877,1.404,-2.93,-6.714
0.374,0.349,-0.884,-1.038,-4.395,-5.066
0.399,0.325,-0.897,-0.793,-7.263,-0.488
0.375,0.367,-0.884,-1.343,-9.888,0.61
0.378,0.379,-0.878,1.465,-11.414,-1.953
0.423,0.342,-0.851,6.714,-10.376,-1.587
0.435,0.353,-0.809,3.174,-13,1.648
0.431,0.4,-0.799,-0.854,-15.503,3.418
0.43,0.427,-0.759,1.465,-13.428,4.639
0.415,0.445,-0.741,1.648,-11.841,4.089
0.431,0.457,-0.744,3.601,-7.08,0.122
0.447,0.442,-0.721,5.249,-3.235,-0.61
0.445,0.446,-0.733,0.305,-2.014,-1.587
0.454,0.433,-0.759,-1.404,-0.549,-2.319
0.437,0.425,-0.766,-2.625,0.122,-2.136
0.447,0.408,-0.794,-2.441,1.282,-3.662
0.451,0.374,-0.791,-1.282,2.136,-3.296
0.444,0.365,-0.81,-4.578,1.343,-2.319
0.44,0.345,-0.83,-4.883,1.526,-0.793
0.449,0.326,-0.832,-6.714,0,2.319
0.426,0.367,-0.865,-9.827,-3.662,4.944
0.404,0.413,-0.845,-5.066,-5.005,4.089
0.417,0.424,-0.832,0.854,-4.456,-0.244
0.446,0.395,-0.794,4.944,-4.456,-2.563
0.451,0.389,-0.779,1.404,-6.348,-2.136
0.429,0.411,-0.772,-1.526,-6.165,-0.488
0.435,0.418,-0.774,-0.549,-2.319,-1.587
0.446,0.413,-0.777,0.061,-1.77,-2.197
0.453,0.404,-0.783,0.061,-1.099,-3.54
0.465,0.386,-0.783,0.427,-1.099,-3.479
0.447,0.39,-0.783,-0.854,-1.831,-3.357
0.458,0.369,-0.789,-0.183,-0.793,-4.395
0.46,0.35,-0.78,-1.16,-0.488,-3.296
0.458,0.355,-0.81,-4.333,-1.343,-1.953
0.444,0.366,-0.813,-3.113,-0.671,-0.183
0.429,0.387,-0.822,-1.099,-0.122,-2.014
0.462,0.363,-0.818,2.808,0.671,-3.479
0.468,0.354,-0.809,2.625,-0.183,-3.174
0.443,0.377,-0.801,-0.793,-2.319,-1.953
0.451,0.386,-0.821,-0.183,-1.343,-2.625
0.467,0.366,-0.807,1.099,-1.892,-2.747
0.459,0.373,-0.802,-1.953,-4.211,-2.075
0.46,0.373,-0.805,-0.732,-3.479,-1.221
0.456,0.368,-0.797,-1.526,-4.089,-0.061
0.443,0.38,-0.809,-0.427,-3.052,-0.732
0.453,0.379,-0.818,1.892,-1.892,-1.16
0.475,0.364,-0.805,3.479,-2.747,-2.319
0.475,0.361,-0.791,1.77,-5.005,-1.221
0.468,0.377,-0.784,0.854,-5.92,-0.244
0.468,0.382,-0.777,1.526,-5.127,-0.061
0.47,0.385,-0.776,1.465,-4.578,-0.244
0.474,0.375,-0.778,1.953,-4.456,-0.549
0.477,0.381,-0.787,1.892,-4.211,-0.244
0.472,0.373,-0.778,3.662,-3.357,0.061
0.485,0.376,-0.781,2.563,-4.761,0.916
0.469,0.386,-0.789,1.526,-5.554,0.977
0.475,0.384,-0.791,2.93,-5.554,0.122
0.483,0.363,-0.768,4.822,-5.188,-2.014
0.492,0.358,-0.77,2.625,-5.371,-0.61
0.488,0.363,-0.777,2.014,-5.676,0.366
0.489,0.379,-0.787,2.747,-5.92,1.526
0.487,0.387,-0.786,3.906,-6.897,0.366
0.492,0.403,-0.783,4.578,-8.423,-1.099
0.497,0.402,-0.768,4.333,-9.827,-2.625
0.5,0.409,-0.758,3.418,-10.498,-3.235
0.531,0.376,-0.713,12.268,-6.897,-4.089
0.542,0.389,-0.786,-0.671,-10.742,-2.319
0.501,0.422,-0.742,1.648,-13.367,-1.099
0.516,0.411,-0.723,2.747,-10.376,-3.662
0.528,0.413,-0.742,0.122,-9.033,-4.333
0.529,0.412,-0.746,1.282,-7.996,-4.15
0.529,0.405,-0.731,3.418,-7.324,-4.272
0.529,0.401,-0.731,2.441,-6.775,-3.601
0.525,0.406,-0.737,2.075,-4.883,-3.235
0.536,0.399,-0.745,3.052,-2.808,-3.54
0.53,0.382,-0.729,2.991,-1.892,-3.601
0.531,0.38,-0.736,0.916,-1.221,-3.357
0.53,0.385,-0.758,-0.427,-1.038,-2.319
0.525,0.394,-0.765,0.366,-1.648,-2.38
0.528,0.392,-0.764,1.587,-2.747,-2.563
0.525,0.387,-0.752,3.174,-4.333,-2.869
